NHIC ID,Seha id/org id,Unnamed: 2,Unnamed: 3,Unnamed: 4,Unnamed: 5,Unnamed: 6,Unnamed: 7,Unnamed: 8,Unnamed: 9,Unnamed: 10,Unnamed: 11,Unnamed: 12,Unnamed: 13,Unnamed: 14,Unnamed: 15
	10000000026619,113837.0,,,,,,,,,,,,,,
	10000000026632,,,,,,,,,,,,,,,
	10000000026645,50902.0,,,,,,,,,,,,,,
	10000000026648,53672.0,,,,,,,,,,,,,,
	10000000026661,,,,,,,,,,,,,,,
	10000000026674,37144.0,,,,,,,,,,,,,,
	10000000026677,,,,,,,,,,,,,,,
	10000000026690,104631.0,,,,,,,,,,,,,,
	10000000026712,,,,,,,,,,,,,,,
	10000000026725,36571.0,,,,,,,,,,,,,,
	10000000026728,,,,,,,,,,,,,,,
	10000000026741,112647.0,,,,,,,,,,,,,,
	10000000026754,,,,,,,,,,,,,,,
	10000000026757,,,,,,,,,,,,,,,
	10000000026770,,,,,,,,,,,,,,,
	10000000026783,,,,,,,,,,,,,,,
	10000000026799,,,,,,,,,,,,,,,
	10000000026805,,,,,,,,,,,,,,,
	10000000026808,,,,,,,,,,,,,,,
	10000000026821,,,,,,,,,,,,,,,
	10000000026834,,,,,,,,,,,,,,,
	10000000026837,,,,,,,,,,,,,,,
	10000000026850,103312.0,,,,,,,,,,,,,,
	10000000026863,36383.0,,,,,,,,,,,,,,
	10000000026879,,,,,,,,,,,,,,,
	10000000026892,,,,,,,,,,,,,,,
	10000000026901,,,,,,,,,,,,,,,
	10000000024447,,,,,,,,,,,,,,,
	10000000024460,,,,,,,,,,,,,,,
	10000000024473,33117.0,,,,,,,,,,,,,,
	10000000024476,33147.0,,,,,,,,,,,,,,
	10000000024489,33281.0,,,,,,,,,,,,,,
	10000000024501,33131.0,,,,,,,,,,,,,,
	10000000024514,33196.0,,,,,,,,,,,,,,
	10000000024572,33155.0,,,,,,,,,,,,,,
	10000000024585,33066.0,,,,,,,,,,,,,,
	10000000024588,33069.0,,,,,,,,,,,,,,
	10000000024610,33800.0,,,,,,,,,,,,,,
	10000000024623,26362.0,,,,,,,,,,,,,,
	10000000024626,35224.0,,,,,,,,,,,,,,
	10000000024639,40702.0,,,,,,,,,,,,,,
	10000000024652,27214.0,,,,,,,,,,,,,,
	10000000024665,27825.0,,,,,,,,,,,,,,
	10000000024668,27483.0,,,,,,,,,,,,,,
	10000000024681,26481.0,,,,,,,,,,,,,,
	10000000024697,28072.0,,,,,,,,,,,,,,
	10000000024703,33464.0,,,,,,,,,,,,,,
	10000000024706,16929.0,,,,,,,,,,,,,,
	10000000024719,33792.0,,,,,,,,,,,,,,
	10000000024732,35916.0,,,,,,,,,,,,,,
	10000000024745,33206.0,,,,,,,,,,,,,,
	10000000024748,27834.0,,,,,,,,,,,,,,
	10000000024761,33785.0,,,,,,,,,,,,,,
	10000000024774,28047.0,,,,,,,,,,,,,,
	10000000024777,42220.0,,,,,,,,,,,,,,
	10000000024790,17226.0,,,,,,,,,,,,,,
	10000000024812,33432.0,,,,,,,,,,,,,,
	10000000024825,32805.0,,,,,,,,,,,,,,
	10000000026914,,,,,,,,,,,,,,,
	10000000026917,,,,,,,,,,,,,,,
	10000000026930,28342.0,,,,,,,,,,,,,,
	10000000026943,50887.0,,,,,,,,,,,,,,
	10000000026946,28346.0,,,,,,,,,,,,,,
	10000000026959,29201.0,,,,,,,,,,,,,,
	10000000026972,,,,,,,,,,,,,,,
	10000000026985,29200.0,,,,,,,,,,,,,,
	10000000026988,,,,,,,,,,,,,,,
	10000000027010,,,,,,,,,,,,,,,
	10000000027023,113825.0,,,,,,,,,,,,,,
	10000000027026,,,,,,,,,,,,,,,
	10000000027039,,,,,,,,,,,,,,,
	10000000027052,55289.0,,,,,,,,,,,,,,
	10000000027065,54448.0,,,,,,,,,,,,,,
	10000000027068,20174.0,,,,,,,,,,,,,,
	10000000027094,,,,,,,,,,,,,,,
	10000000027097,29194.0,,,,,,,,,,,,,,
	10000000027103,29736.0,,,,,,,,,,,,,,
	10000000027106,,,,,,,,,,,,,,,
	10000000027119,,,,,,,,,,,,,,,
	10000000027132,53968.0,,,,,,,,,,,,,,
	10000000027145,106779.0,,,,,,,,,,,,,,
	10000000027148,,,,,,,,,,,,,,,
	10000000027161,,,,,,,,,,,,,,,
	10000000027174,28366.0,,,,,,,,,,,,,,
	10000000027177,30493.0,,,,,,,,,,,,,,
	10000000027190,,,,,,,,,,,,,,,
	10000000027212,,,,,,,,,,,,,,,
	10000000027225,30492.0,,,,,,,,,,,,,,
	10000000027228,,,,,,,,,,,,,,,
	10000000027241,,,,,,,,,,,,,,,
	10000000027254,31728.0,,,,,,,,,,,,,,
	10000000008963,38776.0,,,,,,,,,,,,,,
	10000000008979,36922.0,,,,,,,,,,,,,,
	10000000008992,40051.0,,,,,,,,,,,,,,
	10000000009017,36286.0,,,,,,,,,,,,,,
	10000000009043,37130.0,,,,,,,,,,,,,,
	10000000009046,38771.0,,,,,,,,,,,,,,
	10000000009085,,,,,,,,,,,,,,,
	10000000009123,38780.0,,,,,,,,,,,,,,
	10000000009152,38773.0,,,,,,,,,,,,,,
	10000000009165,38105.0,,,,,,,,,,,,,,
	10000000009181,40036.0,,,,,,,,,,,,,,
	10000000009194,38428.0,,,,,,,,,,,,,,
	10000000009203,40043.0,,,,,,,,,,,,,,
	10000000009206,28381.0,,,,,,,,,,,,,,
	10000000009245,33057.0,,,,,,,,,,,,,,
	10000000009248,37877.0,,,,,,,,,,,,,,
	10000000009274,33048.0,,,,,,,,,,,,,,
	10000000009290,33061.0,,,,,,,,,,,,,,
	10000000026238,,,,,,,,,,,,,,,
	10000000026251,,,,,,,,,,,,,,,
	10000000009655,,,,,,,,,,,,,,,
	10000000009684,33769.0,,,,,,,,,,,,,,
	10000000009687,,,,,,,,,,,,,,,
	10000000009709,33762.0,,,,,,,,,,,,,,
	10000000009735,37192.0,,,,,,,,,,,,,,
	10000000009751,33042.0,,,,,,,,,,,,,,
	10000000009844,29861.0,,,,,,,,,,,,,,
	10000000009860,54456.0,,,,,,,,,,,,,,
	10000000009873,33758.0,,,,,,,,,,,,,,
	10000000009889,33747.0,,,,,,,,,,,,,,
	10000000009911,33034.0,,,,,,,,,,,,,,
	10000000009924,37306.0,,,,,,,,,,,,,,
	10000000009927,33722.0,,,,,,,,,,,,,,
	10000000009956,32865.0,,,,,,,,,,,,,,
	10000000009969,36633.0,,,,,,,,,,,,,,
	10000000017796,37266.0,,,,,,,,,,,,,,
	10000000017802,,,,,,,,,,,,,,,
	10000000017818,,,,,,,,,,,,,,,
	10000000017831,73630.0,,,,,,,,,,,,,,
	10000000017847,31539.0,,,,,,,,,,,,,,
	10000000017873,,,,,,,,,,,,,,,
	10000000017873,,,,,,,,,,,,,,,
	10000000017889,,,,,,,,,,,,,,,
	10000000017924,,,,,,,,,,,,,,,
	10000000017927,,,,,,,,,,,,,,,
	10000000017940,,,,,,,,,,,,,,,
	10000000017953,,,,,,,,,,,,,,,
	10000000017956,20096.0,,,,,,,,,,,,,,
	10000000017969,,,,,,,,,,,,,,,
	10000000017982,38321.0,,,,,,,,,,,,,,
	10000000017995,37694.0,,,,,,,,,,,,,,
	10000000017998,,,,,,,,,,,,,,,
	10000000018004,34147.0,,,,,,,,,,,,,,
	10000000018062,,,,,,,,,,,,,,,
	10000000018075,15713.0,,,,,,,,,,,,,,
	10000000018091,41012.0,,,,,,,,,,,,,,
	10000000018158,30949.0,,,,,,,,,,,,,,
	10000000018171,20183.0,,,,,,,,,,,,,,
	10000000018184,38319.0,,,,,,,,,,,,,,
	10000000018187,16370.0,,,,,,,,,,,,,,
	10000000024828,17795.0,,,,,,,,,,,,,,
	10000000024883,27655.0,,,,,,,,,,,,,,
	10000000024905,27960.0,,,,,,,,,,,,,,
	10000000024908,40562.0,,,,,,,,,,,,,,
	10000000024921,26901.0,,,,,,,,,,,,,,
	10000000024934,38444.0,,,,,,,,,,,,,,
	10000000024950,,,,,,,,,,,,,,,
	10000000024963,27375.0,,,,,,,,,,,,,,
	10000000024966,28408.0,,,,,,,,,,,,,,
	10000000024979,112390.0,,,,,,,,,,,,,,
	10000000025001,27935.0,,,,,,,,,,,,,,
	10000000025014,45131.0,,,,,,,,,,,,,,
	10000000025017,28597.0,,,,,,,,,,,,,,
	10000000025030,114589.0,,,,,,,,,,,,,,
	10000000025046,40717.0,,,,,,,,,,,,,,
	10000000025059,,,,,,,,,,,,,,,
	10000000025072,,,,,,,,,,,,,,,
	10000000025085,115385.0,,,,,,,,,,,,,,
	10000000025088,35568.0,,,,,,,,,,,,,,
	10000000025110,28480.0,,,,,,,,,,,,,,
	10000000025123,,,,,,,,,,,,,,,
	10000000025126,42144.0,,,,,,,,,,,,,,
	10000000025126,42144.0,,,,,,,,,,,,,,
	10000000025152,35301.0,,,,,,,,,,,,,,
	10000000025165,,,,,,,,,,,,,,,
	10000000027257,28350.0,,,,,,,,,,,,,,
	10000000027270,,,,,,,,,,,,,,,
	10000000027283,,,,,,,,,,,,,,,
	10000000027299,,,,,,,,,,,,,,,
	10000000027305,,,,,,,,,,,,,,,
	10000000027308,33782.0,,,,,,,,,,,,,,
	10000000027321,36933.0,,,,,,,,,,,,,,
	10000000027334,,,,,,,,,,,,,,,
	10000000027337,39765.0,,,,,,,,,,,,,,
	10000000027363,44501.0,,,,,,,,,,,,,,
	10000000027366,80070.0,,,,,,,,,,,,,,
	10000000027392,,,,,,,,,,,,,,,
	10000000027401,,,,,,,,,,,,,,,
	10000000027430,,,,,,,,,,,,,,,
	10000000027446,,,,,,,,,,,,,,,
	10000000027516,45119.0,,,,,,,,,,,,,,
	10000000027542,37975.0,,,,,,,,,,,,,,
	10000000027555,37269.0,,,,,,,,,,,,,,
	10000000027558,104861.0,,,,,,,,,,,,,,
	10000000027571,37898.0,,,,,,,,,,,,,,
	10000000027584,37314.0,,,,,,,,,,,,,,
	10000000027587,,,,,,,,,,,,,,,
	10000000027600,18950.0,,,,,,,,,,,,,,
	10000000027609,,,,,,,,,,,,,,,
	10000000027622,,,,,,,,,,,,,,,
	10000000009312,,,,,,,,,,,,,,,
	10000000009325,,,,,,,,,,,,,,,
	10000000009328,34314.0,,,,,,,,,,,,,,
	10000000009341,31042.0,,,,,,,,,,,,,,
	10000000009354,36582.0,,,,,,,,,,,,,,
	10000000009357,34306.0,,,,,,,,,,,,,,
	10000000009370,18621.0,,,,,,,,,,,,,,
	10000000009383,,,,,,,,,,,,,,,
	10000000009386,34351.0,,,,,,,,,,,,,,
	10000000009399,54590.0,,,,,,,,,,,,,,
	10000000009405,,,,,,,,,,,,,,,
	10000000009408,38072.0,,,,,,,,,,,,,,
	10000000009421,14342.0,,,,,,,,,,,,,,
	10000000009434,32819.0,,,,,,,,,,,,,,
	10000000009437,31840.0,,,,,,,,,,,,,,
	10000000009463,32836.0,,,,,,,,,,,,,,
	10000000009466,28692.0,,,,,,,,,,,,,,
	10000000009479,32716.0,,,,,,,,,,,,,,
	10000000009504,34304.0,,,,,,,,,,,,,,
	10000000009520,32787.0,,,,,,,,,,,,,,
	10000000009533,29084.0,,,,,,,,,,,,,,
	10000000009536,25965.0,,,,,,,,,,,,,,
	10000000009549,33764.0,,,,,,,,,,,,,,
	10000000009562,29208.0,,,,,,,,,,,,,,
	10000000009575,31330.0,,,,,,,,,,,,,,
	10000000009578,28036.0,,,,,,,,,,,,,,
	10000000009591,31854.0,,,,,,,,,,,,,,
	10000000009613,36350.0,,,,,,,,,,,,,,
	10000000009616,32795.0,,,,,,,,,,,,,,
	10000000009629,38103.0,,,,,,,,,,,,,,
	10000000009642,38424.0,,,,,,,,,,,,,,
	10000000013365,32861.0,,,,,,,,,,,,,,
	10000000013381,18596.0,,,,,,,,,,,,,,
	10000000013394,40906.0,,,,,,,,,,,,,,
	10000000013397,18871.0,,,,,,,,,,,,,,
	10000000013403,33984.0,,,,,,,,,,,,,,
	10000000013406,32872.0,,,,,,,,,,,,,,
	10000000013419,19690.0,,,,,,,,,,,,,,
	10000000013432,,,,,,,,,,,,,,,
	10000000013445,33999.0,,,,,,,,,,,,,,
	10000000013448,18674.0,,,,,,,,,,,,,,
	10000000013461,18436.0,,,,,,,,,,,,,,
	10000000013474,112158.0,,,,,,,,,,,,,,
	10000000013477,55796.0,,,,,,,,,,,,,,
	10000000013490,18808.0,,,,,,,,,,,,,,
	10000000013502,58818.0,,,,,,,,,,,,,,
	10000000013515,35473.0,,,,,,,,,,,,,,
	10000000013518,18745.0,,,,,,,,,,,,,,
	10000000013531,37878.0,,,,,,,,,,,,,,
	10000000013544,58819.0,,,,,,,,,,,,,,
	10000000013547,34499.0,,,,,,,,,,,,,,
	10000000013560,34051.0,,,,,,,,,,,,,,
	10000000013573,38084.0,,,,,,,,,,,,,,
	10000000013576,27914.0,,,,,,,,,,,,,,
	10000000013589,,,,,,,,,,,,,,,
	10000000013611,38796.0,,,,,,,,,,,,,,
	10000000013624,38757.0,,,,,,,,,,,,,,
	10000000013627,55189.0,,,,,,,,,,,,,,
	10000000013653,36287.0,,,,,,,,,,,,,,
	10000000013656,108626.0,,,,,,,,,,,,,,
	10000000013669,,,,,,,,,,,,,,,
	10000000013682,35297.0,,,,,,,,,,,,,,
	10000000013695,,,,,,,,,,,,,,,
	10000000027635,53908.0,,,,,,,,,,,,,,
	10000000027962,27166.0,,,,,,,,,,,,,,
	10000000004621,64226.0,,,,,,,,,,,,,,
	10000000004634,25298.0,,,,,,,,,,,,,,
	10000000004637,25465.0,,,,,,,,,,,,,,
	10000000004650,,,,,,,,,,,,,,,
	10000000004666,32354.0,,,,,,,,,,,,,,
	10000000004679,18181.0,,,,,,,,,,,,,,
	10000000004692,37855.0,,,,,,,,,,,,,,
	10000000004701,64264.0,,,,,,,,,,,,,,
	10000000004714,27026.0,,,,,,,,,,,,,,
	10000000004717,18636.0,,,,,,,,,,,,,,
	10000000004730,64263.0,,,,,,,,,,,,,,
	10000000004743,20070.0,,,,,,,,,,,,,,
	10000000004759,27943.0,,,,,,,,,,,,,,
	10000000004772,64296.0,,,,,,,,,,,,,,
	10000000004785,25493.0,,,,,,,,,,,,,,
	10000000004788,,,,,,,,,,,,,,,
	10000000004810,18772.0,,,,,,,,,,,,,,
	10000000004823,38791.0,,,,,,,,,,,,,,
	10000000004839,25708.0,,,,,,,,,,,,,,
	10000000004852,,,,,,,,,,,,,,,
	10000000004865,64284.0,,,,,,,,,,,,,,
	10000000004881,17176.0,,,,,,,,,,,,,,
	10000000004894,11660.0,,,,,,,,,,,,,,
	10000000004897,27969.0,,,,,,,,,,,,,,
	10000000004903,16395.0,,,,,,,,,,,,,,
	10000000004919,64282.0,,,,,,,,,,,,,,
	10000000025168,34884.0,,,,,,,,,,,,,,
	10000000025181,,,,,,,,,,,,,,,
	10000000025194,27818.0,,,,,,,,,,,,,,
	10000000025197,,,,,,,,,,,,,,,
	10000000025203,20103.0,,,,,,,,,,,,,,
	10000000025206,40721.0,,,,,,,,,,,,,,
	10000000025219,28492.0,,,,,,,,,,,,,,
	10000000025232,25734.0,,,,,,,,,,,,,,
	10000000025312,38803.0,,,,,,,,,,,,,,
	10000000025325,27863.0,,,,,,,,,,,,,,
	10000000025328,29086.0,,,,,,,,,,,,,,
	10000000025341,27434.0,,,,,,,,,,,,,,
	10000000025354,28669.0,,,,,,,,,,,,,,
	10000000025357,110839.0,,,,,,,,,,,,,,
	10000000025370,28618.0,,,,,,,,,,,,,,
	10000000025383,48532.0,,,,,,,,,,,,,,
	10000000025386,,,,,,,,,,,,,,,
	10000000025399,28516.0,,,,,,,,,,,,,,
	10000000025405,42614.0,,,,,,,,,,,,,,
	10000000025408,31820.0,,,,,,,,,,,,,,
	10000000025434,28131.0,,,,,,,,,,,,,,
	10000000025437,28647.0,,,,,,,,,,,,,,
	10000000025450,40565.0,,,,,,,,,,,,,,
	10000000025463,110255.0,,,,,,,,,,,,,,
	10000000025466,,,,,,,,,,,,,,,
	10000000025479,35195.0,,,,,,,,,,,,,,
	10000000025492,,,,,,,,,,,,,,,
	10000000025504,,,,,,,,,,,,,,,
	10000000025507,,,,,,,,,,,,,,,
	10000000025520,37008.0,,,,,,,,,,,,,,
	10000000025533,36012.0,,,,,,,,,,,,,,
	10000000025536,,,,,,,,,,,,,,,
	10000000006422,30889.0,,,,,,,,,,,,,,
	10000000006435,,,,,,,,,,,,,,,
	10000000006438,30940.0,,,,,,,,,,,,,,
	10000000006451,,,,,,,,,,,,,,,
	10000000006464,,,,,,,,,,,,,,,
	10000000006467,103981.0,,,,,,,,,,,,,,
	10000000006480,,,,,,,,,,,,,,,
	10000000006493,31990.0,,,,,,,,,,,,,,
	10000000006537,25435.0,,,,,,,,,,,,,,
	10000000006566,18852.0,,,,,,,,,,,,,,
	10000000006617,29774.0,,,,,,,,,,,,,,
	10000000006646,,,,,,,,,,,,,,,
	10000000006685,45121.0,,,,,,,,,,,,,,
	10000000006723,29876.0,,,,,,,,,,,,,,
	10000000006726,33596.0,,,,,,,,,,,,,,
	10000000011593,25834.0,,,,,,,,,,,,,,
	10000000011596,28458.0,,,,,,,,,,,,,,
	10000000011602,16643.0,,,,,,,,,,,,,,
	10000000011615,30620.0,,,,,,,,,,,,,,
	10000000011618,26597.0,,,,,,,,,,,,,,
	10000000011631,30524.0,,,,,,,,,,,,,,
	10000000011644,25867.0,,,,,,,,,,,,,,
	10000000011647,45798.0,,,,,,,,,,,,,,
	10000000011660,25893.0,,,,,,,,,,,,,,
	10000000011673,30564.0,,,,,,,,,,,,,,
	10000000011676,25879.0,,,,,,,,,,,,,,
	10000000011689,19970.0,,,,,,,,,,,,,,
	10000000011711,16801.0,,,,,,,,,,,,,,
	10000000011724,37783.0,,,,,,,,,,,,,,
	10000000011727,32809.0,,,,,,,,,,,,,,
	10000000011798,32596.0,,,,,,,,,,,,,,
	10000000011804,50572.0,,,,,,,,,,,,,,
	10000000011807,,,,,,,,,,,,,,,
	10000000011820,30612.0,,,,,,,,,,,,,,
	10000000011833,30679.0,,,,,,,,,,,,,,
	10000000011891,,,,,,,,,,,,,,,
	10000000011916,31031.0,,,,,,,,,,,,,,
	10000000011929,30982.0,,,,,,,,,,,,,,
	10000000011942,19878.0,,,,,,,,,,,,,,
	10000000011955,31610.0,,,,,,,,,,,,,,
	10000000011971,29806.0,,,,,,,,,,,,,,
	10000000011984,20267.0,,,,,,,,,,,,,,
	10000000011987,61622.0,,,,,,,,,,,,,,
	10000000012000,32166.0,,,,,,,,,,,,,,
	10000000012022,32195.0,,,,,,,,,,,,,,
	10000000012035,34581.0,,,,,,,,,,,,,,
	10000000004932,27849.0,,,,,,,,,,,,,,
	10000000004948,39933.0,,,,,,,,,,,,,,
	10000000004961,,,,,,,,,,,,,,,
	10000000004974,19801.0,,,,,,,,,,,,,,
	10000000004977,,,,,,,,,,,,,,,
	10000000004990,64285.0,,,,,,,,,,,,,,
	10000000005012,18753.0,,,,,,,,,,,,,,
	10000000005025,25549.0,,,,,,,,,,,,,,
	10000000005028,18438.0,,,,,,,,,,,,,,
	10000000005041,64280.0,,,,,,,,,,,,,,
	10000000005054,33078.0,,,,,,,,,,,,,,
	10000000005057,25397.0,,,,,,,,,,,,,,
	10000000005070,39485.0,,,,,,,,,,,,,,
	10000000005083,64297.0,,,,,,,,,,,,,,
	10000000005099,26253.0,,,,,,,,,,,,,,
	10000000005105,,,,,,,,,,,,,,,
	10000000005108,34058.0,,,,,,,,,,,,,,
	10000000005121,20147.0,,,,,,,,,,,,,,
	10000000005134,64303.0,,,,,,,,,,,,,,
	10000000005137,64261.0,,,,,,,,,,,,,,
	10000000005150,,,,,,,,,,,,,,,
	10000000005166,,,,,,,,,,,,,,,
	10000000005201,19859.0,,,,,,,,,,,,,,
	10000000005214,37294.0,,,,,,,,,,,,,,
	10000000005246,27119.0,,,,,,,,,,,,,,
	10000000013698,35452.0,,,,,,,,,,,,,,
	10000000013707,112182.0,,,,,,,,,,,,,,
	10000000013720,36961.0,,,,,,,,,,,,,,
	10000000013733,35244.0,,,,,,,,,,,,,,
	10000000013736,,,,,,,,,,,,,,,
	10000000013749,,,,,,,,,,,,,,,
	10000000013762,73384.0,,,,,,,,,,,,,,
	10000000013775,30438.0,,,,,,,,,,,,,,
	10000000013778,108022.0,,,,,,,,,,,,,,
	10000000013813,,,,,,,,,,,,,,,
	10000000013842,,,,,,,,,,,,,,,
	10000000013855,103659.0,,,,,,,,,,,,,,
	10000000013858,28066.0,,,,,,,,,,,,,,
	10000000013884,56202.0,,,,,,,,,,,,,,
	10000000013887,29523.0,,,,,,,,,,,,,,
	10000000013900,53673.0,,,,,,,,,,,,,,
	10000000013909,31559.0,,,,,,,,,,,,,,
	10000000013922,33770.0,,,,,,,,,,,,,,
	10000000013935,28593.0,,,,,,,,,,,,,,
	10000000013938,28090.0,,,,,,,,,,,,,,
	10000000013951,33995.0,,,,,,,,,,,,,,
	10000000013964,33142.0,,,,,,,,,,,,,,
	10000000013967,28082.0,,,,,,,,,,,,,,
	10000000013980,30736.0,,,,,,,,,,,,,,
	10000000013993,56201.0,,,,,,,,,,,,,,
	10000000013996,30063.0,,,,,,,,,,,,,,
	10000000014002,68775.0,,,,,,,,,,,,,,
	10000000014015,32485.0,,,,,,,,,,,,,,
	10000000025549,,,,,,,,,,,,,,,
	10000000025562,,,,,,,,,,,,,,,
	10000000025575,,,,,,,,,,,,,,,
	10000000025578,,,,,,,,,,,,,,,
	10000000025591,,,,,,,,,,,,,,,
	10000000025658,54118.0,,,,,,,,,,,,,,
	10000000025671,42557.0,,,,,,,,,,,,,,
	10000000025684,45063.0,,,,,,,,,,,,,,
	10000000025687,44946.0,,,,,,,,,,,,,,
	10000000025700,45057.0,,,,,,,,,,,,,,
	10000000025709,54463.0,,,,,,,,,,,,,,
	10000000025722,,,,,,,,,,,,,,,
	10000000025735,44495.0,,,,,,,,,,,,,,
	10000000025738,44494.0,,,,,,,,,,,,,,
	10000000025751,,,,,,,,,,,,,,,
	10000000025767,42556.0,,,,,,,,,,,,,,
	10000000025780,,,,,,,,,,,,,,,
	10000000025793,,,,,,,,,,,,,,,
	10000000025802,,,,,,,,,,,,,,,
	10000000025815,,,,,,,,,,,,,,,
	10000000025818,37919.0,,,,,,,,,,,,,,
	10000000025831,50884.0,,,,,,,,,,,,,,
	10000000025844,,,,,,,,,,,,,,,
	10000000025847,49919.0,,,,,,,,,,,,,,
	10000000025860,,,,,,,,,,,,,,,
	10000000025873,50886.0,,,,,,,,,,,,,,
	10000000025876,,,,,,,,,,,,,,,
	10000000025889,,,,,,,,,,,,,,,
	10000000025911,113787.0,,,,,,,,,,,,,,
	10000000006765,,,,,,,,,,,,,,,
	10000000006768,32718.0,,,,,,,,,,,,,,
	10000000028029,,,,,,,,,,,,,,,
	10000000028042,,,,,,,,,,,,,,,
	10000000028055,,,,,,,,,,,,,,,
	10000000028058,,,,,,,,,,,,,,,
	10000000028087,,,,,,,,,,,,,,,
	10000000028109,,,,,,,,,,,,,,,
	10000000028202,25673.0,,,,,,,,,,,,,,
	10000000028311,,,,,,,,,,,,,,,
	10000000028327,,,,,,,,,,,,,,,
	10000000028356,,,,,,,,,,,,,,,
	10000000028395,,,,,,,,,,,,,,,
	10000000012038,30677.0,,,,,,,,,,,,,,
	10000000012064,20083.0,,,,,,,,,,,,,,
	10000000012067,64355.0,,,,,,,,,,,,,,
	10000000012080,19773.0,,,,,,,,,,,,,,
	10000000012093,20251.0,,,,,,,,,,,,,,
	10000000012096,19667.0,,,,,,,,,,,,,,
	10000000012102,61968.0,,,,,,,,,,,,,,
	10000000012115,27423.0,,,,,,,,,,,,,,
	10000000012118,48541.0,,,,,,,,,,,,,,
	10000000012131,28049.0,,,,,,,,,,,,,,
	10000000012147,28010.0,,,,,,,,,,,,,,
	10000000012160,,,,,,,,,,,,,,,
	10000000012173,50004.0,,,,,,,,,,,,,,
	10000000012176,19693.0,,,,,,,,,,,,,,
	10000000012189,27424.0,,,,,,,,,,,,,,
	10000000012211,38788.0,,,,,,,,,,,,,,
	10000000012227,20225.0,,,,,,,,,,,,,,
	10000000012269,27631.0,,,,,,,,,,,,,,
	10000000012282,20197.0,,,,,,,,,,,,,,
	10000000012295,30574.0,,,,,,,,,,,,,,
	10000000012298,33429.0,,,,,,,,,,,,,,
	10000000012307,29391.0,,,,,,,,,,,,,,
	10000000012320,44487.0,,,,,,,,,,,,,,
	10000000012333,37691.0,,,,,,,,,,,,,,
	10000000012336,49412.0,,,,,,,,,,,,,,
	10000000012362,31740.0,,,,,,,,,,,,,,
	10000000014018,32406.0,,,,,,,,,,,,,,
	10000000014031,32402.0,,,,,,,,,,,,,,
	10000000014044,31356.0,,,,,,,,,,,,,,
	10000000014047,32441.0,,,,,,,,,,,,,,
	10000000014060,32464.0,,,,,,,,,,,,,,
	10000000014073,36987.0,,,,,,,,,,,,,,
	10000000014076,32444.0,,,,,,,,,,,,,,
	10000000014089,31029.0,,,,,,,,,,,,,,
	10000000014124,32144.0,,,,,,,,,,,,,,
	10000000014127,55185.0,,,,,,,,,,,,,,
	10000000014153,110840.0,,,,,,,,,,,,,,
	10000000014156,14987.0,,,,,,,,,,,,,,
	10000000014195,34983.0,,,,,,,,,,,,,,
	10000000014204,16551.0,,,,,,,,,,,,,,
	10000000014207,28031.0,,,,,,,,,,,,,,
	10000000014220,17099.0,,,,,,,,,,,,,,
	10000000014233,31520.0,,,,,,,,,,,,,,
	10000000014236,19966.0,,,,,,,,,,,,,,
	10000000014249,36996.0,,,,,,,,,,,,,,
	10000000014262,18786.0,,,,,,,,,,,,,,
	10000000014278,19203.0,,,,,,,,,,,,,,
	10000000014358,35510.0,,,,,,,,,,,,,,
	10000000014467,36167.0,,,,,,,,,,,,,,
	10000000014480,36429.0,,,,,,,,,,,,,,
	10000000014493,32092.0,,,,,,,,,,,,,,
	10000000005259,64308.0,,,,,,,,,,,,,,
	10000000005288,33811.0,,,,,,,,,,,,,,
	10000000005323,18721.0,,,,,,,,,,,,,,
	10000000005339,32675.0,,,,,,,,,,,,,,
	10000000005352,64304.0,,,,,,,,,,,,,,
	10000000005365,38106.0,,,,,,,,,,,,,,
	10000000005368,,,,,,,,,,,,,,,
	10000000005381,26387.0,,,,,,,,,,,,,,
	10000000005394,64305.0,,,,,,,,,,,,,,
	10000000005397,,,,,,,,,,,,,,,
	10000000005403,20290.0,,,,,,,,,,,,,,
	10000000005406,64310.0,,,,,,,,,,,,,,
	10000000005432,64239.0,,,,,,,,,,,,,,
	10000000005445,39806.0,,,,,,,,,,,,,,
	10000000005448,64288.0,,,,,,,,,,,,,,
	10000000005461,,,,,,,,,,,,,,,
	10000000005474,64302.0,,,,,,,,,,,,,,
	10000000005477,16782.0,,,,,,,,,,,,,,
	10000000005490,29620.0,,,,,,,,,,,,,,
	10000000005515,30852.0,,,,,,,,,,,,,,
	10000000005518,34466.0,,,,,,,,,,,,,,
	10000000005531,28311.0,,,,,,,,,,,,,,
	10000000005624,39903.0,,,,,,,,,,,,,,
	10000000005627,,,,,,,,,,,,,,,
	10000000005640,33576.0,,,,,,,,,,,,,,
	10000000005653,40786.0,,,,,,,,,,,,,,
	10000000025940,,,,,,,,,,,,,,,
	10000000025953,50880.0,,,,,,,,,,,,,,
	10000000025956,31150.0,,,,,,,,,,,,,,
	10000000025969,31149.0,,,,,,,,,,,,,,
	10000000025982,,,,,,,,,,,,,,,
	10000000025995,32083.0,,,,,,,,,,,,,,
	10000000025998,31161.0,,,,,,,,,,,,,,
	10000000026004,31162.0,,,,,,,,,,,,,,
	10000000026007,30841.0,,,,,,,,,,,,,,
	10000000026020,30862.0,,,,,,,,,,,,,,
	10000000026033,31166.0,,,,,,,,,,,,,,
	10000000026036,,,,,,,,,,,,,,,
	10000000026049,31155.0,,,,,,,,,,,,,,
	10000000026062,54103.0,,,,,,,,,,,,,,
	10000000026075,36953.0,,,,,,,,,,,,,,
	10000000026078,54462.0,,,,,,,,,,,,,,
	10000000026091,51459.0,,,,,,,,,,,,,,
	10000000026113,51460.0,,,,,,,,,,,,,,
	10000000026116,51458.0,,,,,,,,,,,,,,
	10000000026129,,,,,,,,,,,,,,,
	10000000026142,,,,,,,,,,,,,,,
	10000000026155,,,,,,,,,,,,,,,
	10000000026158,,,,,,,,,,,,,,,
	10000000026171,,,,,,,,,,,,,,,
	10000000026184,,,,,,,,,,,,,,,
	10000000026187,,,,,,,,,,,,,,,
	10000000026209,,,,,,,,,,,,,,,
	10000000026222,,,,,,,,,,,,,,,
	10000000026235,,,,,,,,,,,,,,,
	10000000006047,20357.0,,,,,,,,,,,,,,
	10000000006060,39973.0,,,,,,,,,,,,,,
	10000000006073,29332.0,,,,,,,,,,,,,,
	10000000006076,39955.0,,,,,,,,,,,,,,
	10000000006089,,,,,,,,,,,,,,,
	10000000006089,,,,,,,,,,,,,,,
	10000000006111,18755.0,,,,,,,,,,,,,,
	10000000006124,,,,,,,,,,,,,,,
	10000000006140,27853.0,,,,,,,,,,,,,,
	10000000006153,,,,,,,,,,,,,,,
	10000000006156,,,,,,,,,,,,,,,
	10000000006169,,,,,,,,,,,,,,,
	10000000006182,,,,,,,,,,,,,,,
	10000000006195,,,,,,,,,,,,,,,
	10000000006198,,,,,,,,,,,,,,,
	10000000006204,33402.0,,,,,,,,,,,,,,
	10000000006207,,,,,,,,,,,,,,,
	10000000006220,,,,,,,,,,,,,,,
	10000000006233,31184.0,,,,,,,,,,,,,,
	10000000006236,,,,,,,,,,,,,,,
	10000000006262,,,,,,,,,,,,,,,
	10000000006275,32589.0,,,,,,,,,,,,,,
	10000000006278,,,,,,,,,,,,,,,
	10000000006291,,,,,,,,,,,,,,,
	10000000006313,,,,,,,,,,,,,,,
	10000000006316,,,,,,,,,,,,,,,
	10000000006329,27707.0,,,,,,,,,,,,,,
	10000000006358,31808.0,,,,,,,,,,,,,,
	10000000006371,,,,,,,,,,,,,,,
	10000000006384,,,,,,,,,,,,,,,
	10000000006387,31778.0,,,,,,,,,,,,,,
	10000000006400,,,,,,,,,,,,,,,
	10000000006409,33028.0,,,,,,,,,,,,,,
	10000000023675,,,,,,,,,,,,,,,
	10000000023678,36395.0,,,,,,,,,,,,,,
	10000000023691,50875.0,,,,,,,,,,,,,,
	10000000023713,17257.0,,,,,,,,,,,,,,
	10000000023771,33152.0,,,,,,,,,,,,,,
	10000000023784,33207.0,,,,,,,,,,,,,,
	10000000023787,36329.0,,,,,,,,,,,,,,
	10000000023800,32895.0,,,,,,,,,,,,,,
	10000000023864,33063.0,,,,,,,,,,,,,,
	10000000023867,32973.0,,,,,,,,,,,,,,
	10000000023880,32943.0,,,,,,,,,,,,,,
	10000000023893,,,,,,,,,,,,,,,
	10000000023896,50874.0,,,,,,,,,,,,,,
	10000000023902,50873.0,,,,,,,,,,,,,,
	10000000023915,50877.0,,,,,,,,,,,,,,
	10000000023918,50870.0,,,,,,,,,,,,,,
	10000000023931,51469.0,,,,,,,,,,,,,,
	10000000023944,32899.0,,,,,,,,,,,,,,
	10000000023973,32884.0,,,,,,,,,,,,,,
	10000000023976,35906.0,,,,,,,,,,,,,,
	10000000023989,35650.0,,,,,,,,,,,,,,
	10000000024011,32883.0,,,,,,,,,,,,,,
	10000000024024,32515.0,,,,,,,,,,,,,,
	10000000024027,,,,,,,,,,,,,,,
	10000000024040,32868.0,,,,,,,,,,,,,,
	10000000024053,35915.0,,,,,,,,,,,,,,
	10000000024056,33188.0,,,,,,,,,,,,,,
	10000000024069,32900.0,,,,,,,,,,,,,,
	10000000024082,32909.0,,,,,,,,,,,,,,
	10000000024095,32891.0,,,,,,,,,,,,,,
	10000000024098,33140.0,,,,,,,,,,,,,,
	10000000024104,33114.0,,,,,,,,,,,,,,
	10000000004144,19352.0,,,,,,,,,,,,,,
	10000000004147,35749.0,,,,,,,,,,,,,,
	10000000004173,27182.0,,,,,,,,,,,,,,
	10000000004173,27182.0,,,,,,,,,,,,,,
	10000000004189,64241.0,,,,,,,,,,,,,,
	10000000004224,26015.0,,,,,,,,,,,,,,
	10000000004240,64224.0,,,,,,,,,,,,,,
	10000000004253,37628.0,,,,,,,,,,,,,,
	10000000004256,64223.0,,,,,,,,,,,,,,
	10000000004269,16425.0,,,,,,,,,,,,,,
	10000000004320,37690.0,,,,,,,,,,,,,,
	10000000004333,26683.0,,,,,,,,,,,,,,
	10000000004336,12010.0,,,,,,,,,,,,,,
	10000000004349,64299.0,,,,,,,,,,,,,,
	10000000004375,,,,,,,,,,,,,,,
	10000000004378,30698.0,,,,,,,,,,,,,,
	10000000004416,64244.0,,,,,,,,,,,,,,
	10000000004442,20330.0,,,,,,,,,,,,,,
	10000000004484,64262.0,,,,,,,,,,,,,,
	10000000004525,,,,,,,,,,,,,,,
	10000000004528,20064.0,,,,,,,,,,,,,,
	10000000004541,18208.0,,,,,,,,,,,,,,
	10000000026526,,,,,,,,,,,,,,,
	10000000026552,,,,,,,,,,,,,,,
	10000000026565,,,,,,,,,,,,,,,
	10000000024107,31777.0,,,,,,,,,,,,,,
	10000000024120,38802.0,,,,,,,,,,,,,,
	10000000024133,34244.0,,,,,,,,,,,,,,
	10000000024136,,,,,,,,,,,,,,,
	10000000024149,32951.0,,,,,,,,,,,,,,
	10000000024162,58262.0,,,,,,,,,,,,,,
	10000000024175,,,,,,,,,,,,,,,
	10000000024178,33261.0,,,,,,,,,,,,,,
	10000000024191,28073.0,,,,,,,,,,,,,,
	10000000024213,28638.0,,,,,,,,,,,,,,
	10000000024216,27155.0,,,,,,,,,,,,,,
	10000000024229,40566.0,,,,,,,,,,,,,,
	10000000024242,26299.0,,,,,,,,,,,,,,
	10000000024255,27879.0,,,,,,,,,,,,,,
	10000000024258,53520.0,,,,,,,,,,,,,,
	10000000024271,27225.0,,,,,,,,,,,,,,
	10000000024284,99038.0,,,,,,,,,,,,,,
	10000000024287,27598.0,,,,,,,,,,,,,,
	10000000024300,38774.0,,,,,,,,,,,,,,
	10000000024309,,,,,,,,,,,,,,,
	10000000024322,,,,,,,,,,,,,,,
	10000000024335,,,,,,,,,,,,,,,
	10000000024338,,,,,,,,,,,,,,,
	10000000024351,28569.0,,,,,,,,,,,,,,
	10000000024364,,,,,,,,,,,,,,,
	10000000024367,29815.0,,,,,,,,,,,,,,
	10000000024393,27257.0,,,,,,,,,,,,,,
	10000000024396,25905.0,,,,,,,,,,,,,,
	10000000024402,28428.0,,,,,,,,,,,,,,
	10000000024418,27432.0,,,,,,,,,,,,,,
	10000000024431,,,,,,,,,,,,,,,
	10000000024444,,,,,,,,,,,,,,,
	10000000026581,35183.0,,,,,,,,,,,,,,
	10000000026594,48546.0,,,,,,,,,,,,,,
	10000000026597,33575.0,,,,,,,,,,,,,,
	10000000026603,50901.0,,,,,,,,,,,,,,
	10000000026606,36810.0,,,,,,,,,,,,,,
	10000000018020,32006.0,,,,,,,,,,,,,,
	10000000019975,,,,,,,,,,,,,,,
	10000000019978,38806.0,,,,,,,,,,,,,,
	10000000019991,35347.0,,,,,,,,,,,,,,
	10000000020022,44084.0,,,,,,,,,,,,,,
	10000000020038,,,,,,,,,,,,,,,
	10000000020051,39823.0,,,,,,,,,,,,,,
	10000000020064,42613.0,,,,,,,,,,,,,,
	10000000020067,39787.0,,,,,,,,,,,,,,
	10000000020080,,,,,,,,,,,,,,,
	10000000020093,34594.0,,,,,,,,,,,,,,
	10000000020096,52797.0,,,,,,,,,,,,,,
	10000000020102,38767.0,,,,,,,,,,,,,,
	10000000020115,35358.0,,,,,,,,,,,,,,
	10000000020118,,,,,,,,,,,,,,,
	10000000020131,34575.0,,,,,,,,,,,,,,
	10000000020147,40112.0,,,,,,,,,,,,,,
	10000000020160,35694.0,,,,,,,,,,,,,,
	10000000020173,,,,,,,,,,,,,,,
	10000000020176,38333.0,,,,,,,,,,,,,,
	10000000020189,,,,,,,,,,,,,,,
	10000000020211,37254.0,,,,,,,,,,,,,,
	10000000020224,35786.0,,,,,,,,,,,,,,
	10000000020227,39817.0,,,,,,,,,,,,,,
	10000000020240,39213.0,,,,,,,,,,,,,,
	10000000020253,38787.0,,,,,,,,,,,,,,
	10000000020256,39484.0,,,,,,,,,,,,,,
	10000000020269,111293.0,,,,,,,,,,,,,,
	10000000020282,38364.0,,,,,,,,,,,,,,
	10000000020295,35693.0,,,,,,,,,,,,,,
	10000000007822,48812.0,,,,,,,,,,,,,,
	10000000007835,,,,,,,,,,,,,,,
	10000000007864,16601.0,,,,,,,,,,,,,,
	10000000007867,,,,,,,,,,,,,,,
	10000000007880,28521.0,,,,,,,,,,,,,,
	10000000007893,,,,,,,,,,,,,,,
	10000000007896,,,,,,,,,,,,,,,
	10000000007902,28898.0,,,,,,,,,,,,,,
	10000000007915,28895.0,,,,,,,,,,,,,,
	10000000007918,,,,,,,,,,,,,,,
	10000000007931,25232.0,,,,,,,,,,,,,,
	10000000007944,28875.0,,,,,,,,,,,,,,
	10000000007947,37300.0,,,,,,,,,,,,,,
	10000000007960,36910.0,,,,,,,,,,,,,,
	10000000007973,54580.0,,,,,,,,,,,,,,
	10000000007976,38049.0,,,,,,,,,,,,,,
	10000000007989,26343.0,,,,,,,,,,,,,,
	10000000008011,26700.0,,,,,,,,,,,,,,
	10000000008024,35235.0,,,,,,,,,,,,,,
	10000000008027,40972.0,,,,,,,,,,,,,,
	10000000008040,39926.0,,,,,,,,,,,,,,
	10000000008053,36620.0,,,,,,,,,,,,,,
	10000000008056,38430.0,,,,,,,,,,,,,,
	10000000008069,39930.0,,,,,,,,,,,,,,
	10000000008082,28866.0,,,,,,,,,,,,,,
	10000000008095,38083.0,,,,,,,,,,,,,,
	10000000008136,41010.0,,,,,,,,,,,,,,
	10000000008149,45482.0,,,,,,,,,,,,,,
	10000000008162,36649.0,,,,,,,,,,,,,,
	10000000008175,39927.0,,,,,,,,,,,,,,
	10000000008178,,,,,,,,,,,,,,,
	10000000008191,25585.0,,,,,,,,,,,,,,
	10000000008213,42509.0,,,,,,,,,,,,,,
	10000000020298,38322.0,,,,,,,,,,,,,,
	10000000020304,39808.0,,,,,,,,,,,,,,
	10000000020307,36974.0,,,,,,,,,,,,,,
	10000000020320,41013.0,,,,,,,,,,,,,,
	10000000020333,,,,,,,,,,,,,,,
	10000000020336,35485.0,,,,,,,,,,,,,,
	10000000020349,30509.0,,,,,,,,,,,,,,
	10000000020362,30930.0,,,,,,,,,,,,,,
	10000000020375,35703.0,,,,,,,,,,,,,,
	10000000020378,31396.0,,,,,,,,,,,,,,
	10000000020391,37447.0,,,,,,,,,,,,,,
	10000000020413,113297.0,,,,,,,,,,,,,,
	10000000020416,,,,,,,,,,,,,,,
	10000000020429,,,,,,,,,,,,,,,
	10000000020442,,,,,,,,,,,,,,,
	10000000020455,,,,,,,,,,,,,,,
	10000000020458,112387.0,,,,,,,,,,,,,,
	10000000020487,35973.0,,,,,,,,,,,,,,
	10000000020500,31208.0,,,,,,,,,,,,,,
	10000000020512,112183.0,,,,,,,,,,,,,,
	10000000020528,36117.0,,,,,,,,,,,,,,
	10000000020541,28639.0,,,,,,,,,,,,,,
	10000000020554,20310.0,,,,,,,,,,,,,,
	10000000020557,112168.0,,,,,,,,,,,,,,
	10000000020570,36913.0,,,,,,,,,,,,,,
	10000000020583,35376.0,,,,,,,,,,,,,,
	10000000020586,35662.0,,,,,,,,,,,,,,
	10000000020599,112156.0,,,,,,,,,,,,,,
	10000000020605,32735.0,,,,,,,,,,,,,,
	10000000020608,36175.0,,,,,,,,,,,,,,
	10000000017043,26663.0,,,,,,,,,,,,,,
	10000000017046,25909.0,,,,,,,,,,,,,,
	10000000017072,26689.0,,,,,,,,,,,,,,
	10000000017085,44928.0,,,,,,,,,,,,,,
	10000000017165,,,,,,,,,,,,,,,
	10000000017168,26694.0,,,,,,,,,,,,,,
	10000000017181,107475.0,,,,,,,,,,,,,,
	10000000017194,37373.0,,,,,,,,,,,,,,
	10000000017248,36864.0,,,,,,,,,,,,,,
	10000000017261,,,,,,,,,,,,,,,
	10000000017274,37019.0,,,,,,,,,,,,,,
	10000000017277,31324.0,,,,,,,,,,,,,,
	10000000017290,28446.0,,,,,,,,,,,,,,
	10000000017312,,,,,,,,,,,,,,,
	10000000017325,27999.0,,,,,,,,,,,,,,
	10000000017328,35834.0,,,,,,,,,,,,,,
	10000000017341,,,,,,,,,,,,,,,
	10000000017354,37004.0,,,,,,,,,,,,,,
	10000000017357,31617.0,,,,,,,,,,,,,,
	10000000017370,36938.0,,,,,,,,,,,,,,
	10000000017386,31553.0,,,,,,,,,,,,,,
	10000000017399,31360.0,,,,,,,,,,,,,,
	10000000017405,38328.0,,,,,,,,,,,,,,
	10000000017408,48536.0,,,,,,,,,,,,,,
	10000000017421,,,,,,,,,,,,,,,
	10000000017437,37317.0,,,,,,,,,,,,,,
	10000000017450,28098.0,,,,,,,,,,,,,,
	10000000017463,37205.0,,,,,,,,,,,,,,
	10000000017466,28091.0,,,,,,,,,,,,,,
	10000000017479,36540.0,,,,,,,,,,,,,,
	10000000017492,,,,,,,,,,,,,,,
	10000000017504,28115.0,,,,,,,,,,,,,,
	10000000008216,50889.0,,,,,,,,,,,,,,
	10000000008242,42508.0,,,,,,,,,,,,,,
	10000000008255,51713.0,,,,,,,,,,,,,,
	10000000018251,17733.0,,,,,,,,,,,,,,
	10000000012375,50006.0,,,,,,,,,,,,,,
	10000000012455,33165.0,,,,,,,,,,,,,,
	10000000012458,32161.0,,,,,,,,,,,,,,
	10000000012487,27193.0,,,,,,,,,,,,,,
	10000000012500,45053.0,,,,,,,,,,,,,,
	10000000012525,34343.0,,,,,,,,,,,,,,
	10000000012528,55186.0,,,,,,,,,,,,,,
	10000000012554,27696.0,,,,,,,,,,,,,,
	10000000012557,41632.0,,,,,,,,,,,,,,
	10000000012570,26248.0,,,,,,,,,,,,,,
	10000000012583,27303.0,,,,,,,,,,,,,,
	10000000012586,27344.0,,,,,,,,,,,,,,
	10000000012608,41014.0,,,,,,,,,,,,,,
	10000000012650,37667.0,,,,,,,,,,,,,,
	10000000012717,32694.0,,,,,,,,,,,,,,
	10000000012746,26227.0,,,,,,,,,,,,,,
	10000000012759,29762.0,,,,,,,,,,,,,,
	10000000012785,113005.0,,,,,,,,,,,,,,
	10000000012823,113788.0,,,,,,,,,,,,,,
	10000000012826,28568.0,,,,,,,,,,,,,,
	10000000014505,27841.0,,,,,,,,,,,,,,
	10000000014508,115900.0,,,,,,,,,,,,,,
	10000000014521,,,,,,,,,,,,,,,
	10000000014534,27997.0,,,,,,,,,,,,,,
	10000000014537,28089.0,,,,,,,,,,,,,,
	10000000014550,29444.0,,,,,,,,,,,,,,
	10000000014563,31624.0,,,,,,,,,,,,,,
	10000000014566,52477.0,,,,,,,,,,,,,,
	10000000014579,36558.0,,,,,,,,,,,,,,
	10000000014601,82568.0,,,,,,,,,,,,,,
	10000000014614,,,,,,,,,,,,,,,
	10000000014617,68106.0,,,,,,,,,,,,,,
	10000000014630,28455.0,,,,,,,,,,,,,,
	10000000014643,28483.0,,,,,,,,,,,,,,
	10000000014646,20263.0,,,,,,,,,,,,,,
	10000000014659,27729.0,,,,,,,,,,,,,,
	10000000014672,28523.0,,,,,,,,,,,,,,
	10000000014739,28441.0,,,,,,,,,,,,,,
	10000000014752,105485.0,,,,,,,,,,,,,,
	10000000014765,18462.0,,,,,,,,,,,,,,
	10000000014768,33955.0,,,,,,,,,,,,,,
	10000000014781,27422.0,,,,,,,,,,,,,,
	10000000014832,107960.0,,,,,,,,,,,,,,
	10000000014848,25652.0,,,,,,,,,,,,,,
	10000000014861,33950.0,,,,,,,,,,,,,,
	10000000014890,,,,,,,,,,,,,,,
	10000000014912,68757.0,,,,,,,,,,,,,,
	10000000014941,26943.0,,,,,,,,,,,,,,
	10000000022124,,,,,,,,,,,,,,,
	10000000022127,31570.0,,,,,,,,,,,,,,
	10000000022140,,,,,,,,,,,,,,,
	10000000022153,30148.0,,,,,,,,,,,,,,
	10000000022156,,,,,,,,,,,,,,,
	10000000022169,44519.0,,,,,,,,,,,,,,
	10000000022195,36562.0,,,,,,,,,,,,,,
	10000000022198,39142.0,,,,,,,,,,,,,,
	10000000022204,35442.0,,,,,,,,,,,,,,
	10000000022207,39969.0,,,,,,,,,,,,,,
	10000000022220,38095.0,,,,,,,,,,,,,,
	10000000022233,40696.0,,,,,,,,,,,,,,
	10000000022236,35507.0,,,,,,,,,,,,,,
	10000000022249,,,,,,,,,,,,,,,
	10000000022275,52998.0,,,,,,,,,,,,,,
	10000000022278,39147.0,,,,,,,,,,,,,,
	10000000022313,38320.0,,,,,,,,,,,,,,
	10000000022329,37969.0,,,,,,,,,,,,,,
	10000000022355,38432.0,,,,,,,,,,,,,,
	10000000022358,65732.0,,,,,,,,,,,,,,
	10000000022371,45060.0,,,,,,,,,,,,,,
	10000000022384,53669.0,,,,,,,,,,,,,,
	10000000022387,35321.0,,,,,,,,,,,,,,
	10000000022409,42264.0,,,,,,,,,,,,,,
	10000000022435,,,,,,,,,,,,,,,
	10000000028885,37917.0,,,,,,,,,,,,,,
	10000000028981,33707.0,,,,,,,,,,,,,,
	10000000029234,78059.0,,,,,,,,,,,,,,
	10000000029250,,,,,,,,,,,,,,,
	10000000029266,38092.0,,,,,,,,,,,,,,
	10000000006781,28572.0,,,,,,,,,,,,,,
	10000000009995,34318.0,,,,,,,,,,,,,,
	10000000009998,65527.0,,,,,,,,,,,,,,
	10000000010013,32219.0,,,,,,,,,,,,,,
	10000000010016,32138.0,,,,,,,,,,,,,,
	10000000010029,36607.0,,,,,,,,,,,,,,
	10000000010042,34291.0,,,,,,,,,,,,,,
	10000000010071,27000.0,,,,,,,,,,,,,,
	10000000010084,33047.0,,,,,,,,,,,,,,
	10000000010087,25483.0,,,,,,,,,,,,,,
	10000000010100,26425.0,,,,,,,,,,,,,,
	10000000010109,36570.0,,,,,,,,,,,,,,
	10000000010122,36232.0,,,,,,,,,,,,,,
	10000000010135,36409.0,,,,,,,,,,,,,,
	10000000010138,25319.0,,,,,,,,,,,,,,
	10000000010151,26089.0,,,,,,,,,,,,,,
	10000000010164,37901.0,,,,,,,,,,,,,,
	10000000010167,54581.0,,,,,,,,,,,,,,
	10000000010180,36664.0,,,,,,,,,,,,,,
	10000000010193,112161.0,,,,,,,,,,,,,,
	10000000010196,107957.0,,,,,,,,,,,,,,
	10000000010202,54461.0,,,,,,,,,,,,,,
	10000000010215,38051.0,,,,,,,,,,,,,,
	10000000010218,25828.0,,,,,,,,,,,,,,
	10000000010231,26098.0,,,,,,,,,,,,,,
	10000000010244,112645.0,,,,,,,,,,,,,,
	10000000010247,25696.0,,,,,,,,,,,,,,
	10000000010260,25310.0,,,,,,,,,,,,,,
	10000000010289,25799.0,,,,,,,,,,,,,,
	10000000010311,26084.0,,,,,,,,,,,,,,
	10000000010324,27477.0,,,,,,,,,,,,,,
	10000000010327,31480.0,,,,,,,,,,,,,,
	10000000010340,25775.0,,,,,,,,,,,,,,
	10000000005669,18618.0,,,,,,,,,,,,,,
	10000000005682,,,,,,,,,,,,,,,
	10000000005695,26217.0,,,,,,,,,,,,,,
	10000000005704,19756.0,,,,,,,,,,,,,,
	10000000005707,27140.0,,,,,,,,,,,,,,
	10000000005720,40715.0,,,,,,,,,,,,,,
	10000000005733,25699.0,,,,,,,,,,,,,,
	10000000005736,27230.0,,,,,,,,,,,,,,
	10000000005749,35907.0,,,,,,,,,,,,,,
	10000000005762,,,,,,,,,,,,,,,
	10000000005775,,,,,,,,,,,,,,,
	10000000005778,27058.0,,,,,,,,,,,,,,
	10000000005791,26252.0,,,,,,,,,,,,,,
	10000000005816,,,,,,,,,,,,,,,
	10000000005842,36636.0,,,,,,,,,,,,,,
	10000000005858,,,,,,,,,,,,,,,
	10000000005871,26077.0,,,,,,,,,,,,,,
	10000000005884,,,,,,,,,,,,,,,
	10000000005900,25659.0,,,,,,,,,,,,,,
	10000000005922,,,,,,,,,,,,,,,
	10000000005938,39943.0,,,,,,,,,,,,,,
	10000000005951,26051.0,,,,,,,,,,,,,,
	10000000005964,,,,,,,,,,,,,,,
	10000000005967,,,,,,,,,,,,,,,
	10000000005980,16653.0,,,,,,,,,,,,,,
	10000000005993,,,,,,,,,,,,,,,
	10000000005996,18614.0,,,,,,,,,,,,,,
	10000000006002,32452.0,,,,,,,,,,,,,,
	10000000006015,16962.0,,,,,,,,,,,,,,
	10000000012852,100393.0,,,,,,,,,,,,,,
	10000000012865,27313.0,,,,,,,,,,,,,,
	10000000012881,46203.0,,,,,,,,,,,,,,
	10000000012897,46266.0,,,,,,,,,,,,,,
	10000000012906,45048.0,,,,,,,,,,,,,,
	10000000012919,36310.0,,,,,,,,,,,,,,
	10000000012945,46180.0,,,,,,,,,,,,,,
	10000000012948,36632.0,,,,,,,,,,,,,,
	10000000012961,42754.0,,,,,,,,,,,,,,
	10000000012974,28236.0,,,,,,,,,,,,,,
	10000000012977,35590.0,,,,,,,,,,,,,,
	10000000012990,44536.0,,,,,,,,,,,,,,
	10000000013025,32109.0,,,,,,,,,,,,,,
	10000000013028,42586.0,,,,,,,,,,,,,,
	10000000013054,45047.0,,,,,,,,,,,,,,
	10000000013057,,,,,,,,,,,,,,,
	10000000013070,35218.0,,,,,,,,,,,,,,
	10000000013086,35540.0,,,,,,,,,,,,,,
	10000000013099,42583.0,,,,,,,,,,,,,,
	10000000013105,32456.0,,,,,,,,,,,,,,
	10000000013108,,,,,,,,,,,,,,,
	10000000013121,42582.0,,,,,,,,,,,,,,
	10000000013134,37914.0,,,,,,,,,,,,,,
	10000000013137,,,,,,,,,,,,,,,
	10000000013150,35467.0,,,,,,,,,,,,,,
	10000000013166,,,,,,,,,,,,,,,
	10000000018264,,,,,,,,,,,,,,,
	10000000018267,42612.0,,,,,,,,,,,,,,
	10000000018280,38304.0,,,,,,,,,,,,,,
	10000000018331,36234.0,,,,,,,,,,,,,,
	10000000018344,39803.0,,,,,,,,,,,,,,
	10000000018347,51830.0,,,,,,,,,,,,,,
	10000000018360,52157.0,,,,,,,,,,,,,,
	10000000018376,,,,,,,,,,,,,,,
	10000000018389,44399.0,,,,,,,,,,,,,,
	10000000018411,110724.0,,,,,,,,,,,,,,
	10000000018440,40021.0,,,,,,,,,,,,,,
	10000000018453,113786.0,,,,,,,,,,,,,,
	10000000018456,51805.0,,,,,,,,,,,,,,
	10000000018469,29419.0,,,,,,,,,,,,,,
	10000000018482,54099.0,,,,,,,,,,,,,,
	10000000018495,50615.0,,,,,,,,,,,,,,
	10000000018498,53117.0,,,,,,,,,,,,,,
	10000000018510,,,,,,,,,,,,,,,
	10000000018539,50876.0,,,,,,,,,,,,,,
	10000000018552,52156.0,,,,,,,,,,,,,,
	10000000018565,36199.0,,,,,,,,,,,,,,
	10000000018568,,,,,,,,,,,,,,,
	10000000018594,32733.0,,,,,,,,,,,,,,
	10000000018597,,,,,,,,,,,,,,,
	10000000018603,60798.0,,,,,,,,,,,,,,
	10000000018606,37629.0,,,,,,,,,,,,,,
	10000000014954,108929.0,,,,,,,,,,,,,,
	10000000014957,115378.0,,,,,,,,,,,,,,
	10000000014970,108931.0,,,,,,,,,,,,,,
	10000000015021,112380.0,,,,,,,,,,,,,,
	10000000015034,20315.0,,,,,,,,,,,,,,
	10000000015037,94180.0,,,,,,,,,,,,,,
	10000000015050,70787.0,,,,,,,,,,,,,,
	10000000015117,114594.0,,,,,,,,,,,,,,
	10000000015130,84668.0,,,,,,,,,,,,,,
	10000000015146,,,,,,,,,,,,,,,
	10000000015226,108934.0,,,,,,,,,,,,,,
	10000000015239,108932.0,,,,,,,,,,,,,,
	10000000015252,,,,,,,,,,,,,,,
	10000000015268,27865.0,,,,,,,,,,,,,,
	10000000015297,110742.0,,,,,,,,,,,,,,
	10000000015303,28645.0,,,,,,,,,,,,,,
	10000000015306,27813.0,,,,,,,,,,,,,,
	10000000015319,,,,,,,,,,,,,,,
	10000000015345,48542.0,,,,,,,,,,,,,,
	10000000015348,28703.0,,,,,,,,,,,,,,
	10000000015374,28673.0,,,,,,,,,,,,,,
	10000000015377,28410.0,,,,,,,,,,,,,,
	10000000015390,28282.0,,,,,,,,,,,,,,
	10000000015412,28092.0,,,,,,,,,,,,,,
	10000000015425,18574.0,,,,,,,,,,,,,,
	10000000015428,28471.0,,,,,,,,,,,,,,
	10000000015441,28099.0,,,,,,,,,,,,,,
	10000000010353,25847.0,,,,,,,,,,,,,,
	10000000010356,25538.0,,,,,,,,,,,,,,
	10000000010369,103754.0,,,,,,,,,,,,,,
	10000000010382,25536.0,,,,,,,,,,,,,,
	10000000010395,27486.0,,,,,,,,,,,,,,
	10000000010404,25611.0,,,,,,,,,,,,,,
	10000000010407,,,,,,,,,,,,,,,
	10000000010420,25581.0,,,,,,,,,,,,,,
	10000000010449,26265.0,,,,,,,,,,,,,,
	10000000010475,37900.0,,,,,,,,,,,,,,
	10000000010478,28014.0,,,,,,,,,,,,,,
	10000000010491,,,,,,,,,,,,,,,
	10000000010503,25599.0,,,,,,,,,,,,,,
	10000000010506,38076.0,,,,,,,,,,,,,,
	10000000010519,29314.0,,,,,,,,,,,,,,
	10000000010590,36693.0,,,,,,,,,,,,,,
	10000000010612,36879.0,,,,,,,,,,,,,,
	10000000010625,36900.0,,,,,,,,,,,,,,
	10000000010628,37899.0,,,,,,,,,,,,,,
	10000000010699,36862.0,,,,,,,,,,,,,,
	10000000010705,,,,,,,,,,,,,,,
	10000000010708,53668.0,,,,,,,,,,,,,,
	10000000010721,36497.0,,,,,,,,,,,,,,
	10000000010734,37216.0,,,,,,,,,,,,,,
	10000000010737,54452.0,,,,,,,,,,,,,,
	10000000010750,107602.0,,,,,,,,,,,,,,
	10000000010763,54459.0,,,,,,,,,,,,,,
	10000000010766,107961.0,,,,,,,,,,,,,,
	10000000010779,25781.0,,,,,,,,,,,,,,
	10000000010792,38435.0,,,,,,,,,,,,,,
	10000000006794,51467.0,,,,,,,,,,,,,,
	10000000006797,,,,,,,,,,,,,,,
	10000000006803,,,,,,,,,,,,,,,
	10000000006806,45594.0,,,,,,,,,,,,,,
	10000000006874,,,,,,,,,,,,,,,
	10000000006877,35919.0,,,,,,,,,,,,,,
	10000000006890,37248.0,,,,,,,,,,,,,,
	10000000006912,,,,,,,,,,,,,,,
	10000000006928,29023.0,,,,,,,,,,,,,,
	10000000006941,,,,,,,,,,,,,,,
	10000000006957,37280.0,,,,,,,,,,,,,,
	10000000006970,,,,,,,,,,,,,,,
	10000000006983,19893.0,,,,,,,,,,,,,,
	10000000006986,26695.0,,,,,,,,,,,,,,
	10000000006999,38053.0,,,,,,,,,,,,,,
	10000000007005,28889.0,,,,,,,,,,,,,,
	10000000007008,,,,,,,,,,,,,,,
	10000000007034,28850.0,,,,,,,,,,,,,,
	10000000007037,,,,,,,,,,,,,,,
	10000000007050,54451.0,,,,,,,,,,,,,,
	10000000007063,46767.0,,,,,,,,,,,,,,
	10000000007066,35480.0,,,,,,,,,,,,,,
	10000000007079,13903.0,,,,,,,,,,,,,,
	10000000007092,51462.0,,,,,,,,,,,,,,
	10000000007101,,,,,,,,,,,,,,,
	10000000007114,,,,,,,,,,,,,,,
	10000000007117,,,,,,,,,,,,,,,
	10000000007130,31835.0,,,,,,,,,,,,,,
	10000000007143,,,,,,,,,,,,,,,
	10000000007146,,,,,,,,,,,,,,,
	10000000007159,20293.0,,,,,,,,,,,,,,
	10000000022451,35327.0,,,,,,,,,,,,,,
	10000000022464,44580.0,,,,,,,,,,,,,,
	10000000022467,35368.0,,,,,,,,,,,,,,
	10000000022480,42637.0,,,,,,,,,,,,,,
	10000000022493,42627.0,,,,,,,,,,,,,,
	10000000022496,45058.0,,,,,,,,,,,,,,
	10000000022505,45066.0,,,,,,,,,,,,,,
	10000000022508,45061.0,,,,,,,,,,,,,,
	10000000022521,,,,,,,,,,,,,,,
	10000000022534,42621.0,,,,,,,,,,,,,,
	10000000022537,35710.0,,,,,,,,,,,,,,
	10000000022550,45110.0,,,,,,,,,,,,,,
	10000000022563,,,,,,,,,,,,,,,
	10000000022566,38433.0,,,,,,,,,,,,,,
	10000000022579,36973.0,,,,,,,,,,,,,,
	10000000022592,38818.0,,,,,,,,,,,,,,
	10000000022601,,,,,,,,,,,,,,,
	10000000022614,70085.0,,,,,,,,,,,,,,
	10000000022617,,,,,,,,,,,,,,,
	10000000022617,,,,,,,,,,,,,,,
	10000000022643,70079.0,,,,,,,,,,,,,,
	10000000022646,,,,,,,,,,,,,,,
	10000000022659,,,,,,,,,,,,,,,
	10000000022685,,,,,,,,,,,,,,,
	10000000022688,40713.0,,,,,,,,,,,,,,
	10000000022710,,,,,,,,,,,,,,,
	10000000022739,40719.0,,,,,,,,,,,,,,
	10000000022752,38786.0,,,,,,,,,,,,,,
	10000000022765,,,,,,,,,,,,,,,
	10000000022768,,,,,,,,,,,,,,,
	10000000022781,,,,,,,,,,,,,,,
	10000000016338,28286.0,,,,,,,,,,,,,,
	10000000016351,28206.0,,,,,,,,,,,,,,
	10000000016364,,,,,,,,,,,,,,,
	10000000016367,,,,,,,,,,,,,,,
	10000000016380,28224.0,,,,,,,,,,,,,,
	10000000016393,,,,,,,,,,,,,,,
	10000000016396,28065.0,,,,,,,,,,,,,,
	10000000016402,26562.0,,,,,,,,,,,,,,
	10000000016415,27858.0,,,,,,,,,,,,,,
	10000000016418,82706.0,,,,,,,,,,,,,,
	10000000016431,27353.0,,,,,,,,,,,,,,
	10000000016444,27195.0,,,,,,,,,,,,,,
	10000000016514,27378.0,,,,,,,,,,,,,,
	10000000016530,27920.0,,,,,,,,,,,,,,
	10000000016546,27147.0,,,,,,,,,,,,,,
	10000000016559,28281.0,,,,,,,,,,,,,,
	10000000016588,27986.0,,,,,,,,,,,,,,
	10000000016626,27282.0,,,,,,,,,,,,,,
	10000000016652,11987.0,,,,,,,,,,,,,,
	10000000016668,11805.0,,,,,,,,,,,,,,
	10000000016681,11956.0,,,,,,,,,,,,,,
	10000000016697,19947.0,,,,,,,,,,,,,,
	10000000016703,19423.0,,,,,,,,,,,,,,
	10000000015457,28067.0,,,,,,,,,,,,,,
	10000000015483,107896.0,,,,,,,,,,,,,,
	10000000015499,,,,,,,,,,,,,,,
	10000000015511,28015.0,,,,,,,,,,,,,,
	10000000015511,28015.0,,,,,,,,,,,,,,
	10000000015524,28095.0,,,,,,,,,,,,,,
	10000000015527,28477.0,,,,,,,,,,,,,,
	10000000015540,28675.0,,,,,,,,,,,,,,
	10000000015556,25680.0,,,,,,,,,,,,,,
	10000000015569,25765.0,,,,,,,,,,,,,,
	10000000015582,,,,,,,,,,,,,,,
	10000000015595,20180.0,,,,,,,,,,,,,,
	10000000015598,18235.0,,,,,,,,,,,,,,
	10000000015607,84643.0,,,,,,,,,,,,,,
	10000000015620,19599.0,,,,,,,,,,,,,,
	10000000015633,,,,,,,,,,,,,,,
	10000000015636,84673.0,,,,,,,,,,,,,,
	10000000015649,19626.0,,,,,,,,,,,,,,
	10000000015662,84672.0,,,,,,,,,,,,,,
	10000000015675,110746.0,,,,,,,,,,,,,,
	10000000015678,27197.0,,,,,,,,,,,,,,
	10000000015691,28003.0,,,,,,,,,,,,,,
	10000000015713,26912.0,,,,,,,,,,,,,,
	10000000015784,18789.0,,,,,,,,,,,,,,
	10000000015787,18875.0,,,,,,,,,,,,,,
	10000000015835,31489.0,,,,,,,,,,,,,,
	10000000015838,20420.0,,,,,,,,,,,,,,
	10000000015851,30025.0,,,,,,,,,,,,,,
	10000000007172,,,,,,,,,,,,,,,
	10000000007185,,,,,,,,,,,,,,,
	10000000007210,19935.0,,,,,,,,,,,,,,
	10000000007239,34078.0,,,,,,,,,,,,,,
	10000000007252,,,,,,,,,,,,,,,
	10000000007294,,,,,,,,,,,,,,,
	10000000007345,27975.0,,,,,,,,,,,,,,
	10000000007348,46633.0,,,,,,,,,,,,,,
	10000000007412,38442.0,,,,,,,,,,,,,,
	10000000007425,33192.0,,,,,,,,,,,,,,
	10000000007441,18845.0,,,,,,,,,,,,,,
	10000000007454,30875.0,,,,,,,,,,,,,,
	10000000007483,19763.0,,,,,,,,,,,,,,
	10000000018632,32674.0,,,,,,,,,,,,,,
	10000000018674,,,,,,,,,,,,,,,
	10000000018677,,,,,,,,,,,,,,,
	10000000018690,33547.0,,,,,,,,,,,,,,
	10000000018712,27276.0,,,,,,,,,,,,,,
	10000000018725,37204.0,,,,,,,,,,,,,,
	10000000018728,54454.0,,,,,,,,,,,,,,
	10000000018741,52456.0,,,,,,,,,,,,,,
	10000000018754,,,,,,,,,,,,,,,
	10000000018757,112682.0,,,,,,,,,,,,,,
	10000000018770,94499.0,,,,,,,,,,,,,,
	10000000018783,51977.0,,,,,,,,,,,,,,
	10000000018786,55188.0,,,,,,,,,,,,,,
	10000000018799,102858.0,,,,,,,,,,,,,,
	10000000018808,,,,,,,,,,,,,,,
	10000000018834,,,,,,,,,,,,,,,
	10000000018850,38056.0,,,,,,,,,,,,,,
	10000000018863,37957.0,,,,,,,,,,,,,,
	10000000018866,37817.0,,,,,,,,,,,,,,
	10000000018892,38858.0,,,,,,,,,,,,,,
	10000000018901,38382.0,,,,,,,,,,,,,,
	10000000018917,,,,,,,,,,,,,,,
	10000000018930,,,,,,,,,,,,,,,
	10000000018946,26403.0,,,,,,,,,,,,,,
	10000000022848,32643.0,,,,,,,,,,,,,,
	10000000022874,31013.0,,,,,,,,,,,,,,
	10000000022877,29236.0,,,,,,,,,,,,,,
	10000000022912,20272.0,,,,,,,,,,,,,,
	10000000022925,32164.0,,,,,,,,,,,,,,
	10000000022928,16743.0,,,,,,,,,,,,,,
	10000000022941,34543.0,,,,,,,,,,,,,,
	10000000022954,34537.0,,,,,,,,,,,,,,
	10000000022957,34520.0,,,,,,,,,,,,,,
	10000000022970,37457.0,,,,,,,,,,,,,,
	10000000022983,34562.0,,,,,,,,,,,,,,
	10000000023008,48534.0,,,,,,,,,,,,,,
	10000000023021,38075.0,,,,,,,,,,,,,,
	10000000023034,36547.0,,,,,,,,,,,,,,
	10000000023037,42588.0,,,,,,,,,,,,,,
	10000000023050,34793.0,,,,,,,,,,,,,,
	10000000023063,50890.0,,,,,,,,,,,,,,
	10000000023066,50891.0,,,,,,,,,,,,,,
	10000000023092,35239.0,,,,,,,,,,,,,,
	10000000023117,36623.0,,,,,,,,,,,,,,
	10000000023130,40921.0,,,,,,,,,,,,,,
	10000000023143,35991.0,,,,,,,,,,,,,,
	10000000023146,39776.0,,,,,,,,,,,,,,
	10000000015864,36785.0,,,,,,,,,,,,,,
	10000000015867,18741.0,,,,,,,,,,,,,,
	10000000015880,,,,,,,,,,,,,,,
	10000000015893,33434.0,,,,,,,,,,,,,,
	10000000015896,20336.0,,,,,,,,,,,,,,
	10000000015902,28448.0,,,,,,,,,,,,,,
	10000000015918,13942.0,,,,,,,,,,,,,,
	10000000015931,25550.0,,,,,,,,,,,,,,
	10000000015944,27259.0,,,,,,,,,,,,,,
	10000000015947,30051.0,,,,,,,,,,,,,,
	10000000015960,27229.0,,,,,,,,,,,,,,
	10000000015976,25863.0,,,,,,,,,,,,,,
	10000000015989,44578.0,,,,,,,,,,,,,,
	10000000016011,20325.0,,,,,,,,,,,,,,
	10000000016024,19643.0,,,,,,,,,,,,,,
	10000000016027,26979.0,,,,,,,,,,,,,,
	10000000016027,26979.0,,,,,,,,,,,,,,
	10000000016056,18754.0,,,,,,,,,,,,,,
	10000000016082,27822.0,,,,,,,,,,,,,,
	10000000016095,26716.0,,,,,,,,,,,,,,
	10000000016098,26760.0,,,,,,,,,,,,,,
	10000000016104,28056.0,,,,,,,,,,,,,,
	10000000016107,83050.0,,,,,,,,,,,,,,
	10000000016120,28299.0,,,,,,,,,,,,,,
	10000000016133,27912.0,,,,,,,,,,,,,,
	10000000016149,,,,,,,,,,,,,,,
	10000000016162,27971.0,,,,,,,,,,,,,,
	10000000016242,19585.0,,,,,,,,,,,,,,
	10000000016255,27899.0,,,,,,,,,,,,,,
	10000000007511,50898.0,,,,,,,,,,,,,,
	10000000007524,28630.0,,,,,,,,,,,,,,
	10000000007527,50895.0,,,,,,,,,,,,,,
	10000000007553,35264.0,,,,,,,,,,,,,,
	10000000007582,33822.0,,,,,,,,,,,,,,
	10000000007595,,,,,,,,,,,,,,,
	10000000007598,20089.0,,,,,,,,,,,,,,
	10000000007604,36984.0,,,,,,,,,,,,,,
	10000000007607,36912.0,,,,,,,,,,,,,,
	10000000007620,38805.0,,,,,,,,,,,,,,
	10000000007678,,,,,,,,,,,,,,,
	10000000007691,48540.0,,,,,,,,,,,,,,
	10000000007716,38804.0,,,,,,,,,,,,,,
	10000000007729,33465.0,,,,,,,,,,,,,,
	10000000007742,32772.0,,,,,,,,,,,,,,
	10000000007755,,,,,,,,,,,,,,,
	10000000007758,,,,,,,,,,,,,,,
	10000000007771,56548.0,,,,,,,,,,,,,,
	10000000007787,,,,,,,,,,,,,,,
	10000000007800,114592.0,,,,,,,,,,,,,,
	10000000007809,28854.0,,,,,,,,,,,,,,
	10000000016706,17722.0,,,,,,,,,,,,,,
	10000000016732,17423.0,,,,,,,,,,,,,,
	10000000016745,11576.0,,,,,,,,,,,,,,
	10000000016774,11765.0,,,,,,,,,,,,,,
	10000000016777,,,,,,,,,,,,,,,
	10000000016790,14417.0,,,,,,,,,,,,,,
	10000000016812,,,,,,,,,,,,,,,
	10000000016825,28117.0,,,,,,,,,,,,,,
	10000000016828,11910.0,,,,,,,,,,,,,,
	10000000016841,17481.0,,,,,,,,,,,,,,
	10000000016854,29827.0,,,,,,,,,,,,,,
	10000000016857,27485.0,,,,,,,,,,,,,,
	10000000016870,29350.0,,,,,,,,,,,,,,
	10000000016883,16430.0,,,,,,,,,,,,,,
	10000000016899,25835.0,,,,,,,,,,,,,,
	10000000016908,29330.0,,,,,,,,,,,,,,
	10000000016921,28059.0,,,,,,,,,,,,,,
	10000000016934,30722.0,,,,,,,,,,,,,,
	10000000016950,26681.0,,,,,,,,,,,,,,
	10000000016963,29345.0,,,,,,,,,,,,,,
	10000000016966,28149.0,,,,,,,,,,,,,,
	10000000016979,27837.0,,,,,,,,,,,,,,
	10000000016992,37961.0,,,,,,,,,,,,,,
	10000000017014,29498.0,,,,,,,,,,,,,,
	10000000017017,31041.0,,,,,,,,,,,,,,
	10000000017030,36780.0,,,,,,,,,,,,,,
	10000000023188,29085.0,,,,,,,,,,,,,,
	10000000023223,36566.0,,,,,,,,,,,,,,
	10000000023226,36514.0,,,,,,,,,,,,,,
	10000000023239,36551.0,,,,,,,,,,,,,,
	10000000023252,36541.0,,,,,,,,,,,,,,
	10000000023265,,,,,,,,,,,,,,,
	10000000023268,38090.0,,,,,,,,,,,,,,
	10000000023297,38094.0,,,,,,,,,,,,,,
	10000000023306,27891.0,,,,,,,,,,,,,,
	10000000023319,30152.0,,,,,,,,,,,,,,
	10000000023332,,,,,,,,,,,,,,,
	10000000023345,27994.0,,,,,,,,,,,,,,
	10000000023348,,,,,,,,,,,,,,,
	10000000023361,40917.0,,,,,,,,,,,,,,
	10000000023374,35416.0,,,,,,,,,,,,,,
	10000000023377,40312.0,,,,,,,,,,,,,,
	10000000023390,,,,,,,,,,,,,,,
	10000000023412,39909.0,,,,,,,,,,,,,,
	10000000023425,39781.0,,,,,,,,,,,,,,
	10000000023428,30674.0,,,,,,,,,,,,,,
	10000000023441,40563.0,,,,,,,,,,,,,,
	10000000023457,42682.0,,,,,,,,,,,,,,
	10000000023470,36217.0,,,,,,,,,,,,,,
	10000000023483,40560.0,,,,,,,,,,,,,,
	10000000023486,27381.0,,,,,,,,,,,,,,
	10000000023499,36161.0,,,,,,,,,,,,,,
	10000000018959,35751.0,,,,,,,,,,,,,,
	10000000018972,26722.0,,,,,,,,,,,,,,
	10000000018985,31859.0,,,,,,,,,,,,,,
	10000000018988,,,,,,,,,,,,,,,
	10000000019065,32450.0,,,,,,,,,,,,,,
	10000000019068,104832.0,,,,,,,,,,,,,,
	10000000019081,36005.0,,,,,,,,,,,,,,
	10000000019094,44497.0,,,,,,,,,,,,,,
	10000000019097,,,,,,,,,,,,,,,
	10000000019103,,,,,,,,,,,,,,,
	10000000019106,38054.0,,,,,,,,,,,,,,
	10000000019119,27332.0,,,,,,,,,,,,,,
	10000000019132,37381.0,,,,,,,,,,,,,,
	10000000019145,34152.0,,,,,,,,,,,,,,
	10000000019148,38318.0,,,,,,,,,,,,,,
	10000000019161,29880.0,,,,,,,,,,,,,,
	10000000019177,38323.0,,,,,,,,,,,,,,
	10000000019190,36269.0,,,,,,,,,,,,,,
	10000000019212,38050.0,,,,,,,,,,,,,,
	10000000019225,,,,,,,,,,,,,,,
	10000000019228,33795.0,,,,,,,,,,,,,,
	10000000019241,29131.0,,,,,,,,,,,,,,
	10000000019254,36871.0,,,,,,,,,,,,,,
	10000000019270,43980.0,,,,,,,,,,,,,,
	10000000019283,14687.0,,,,,,,,,,,,,,
	10000000019286,,,,,,,,,,,,,,,
	10000000019299,74818.0,,,,,,,,,,,,,,
	10000000019305,,,,,,,,,,,,,,,
	10000000006819,28859.0,,,,,,,,,,,,,,
	10000000006832,34608.0,,,,,,,,,,,,,,
	10000000006845,,,,,,,,,,,,,,,
	10000000006861,38400.0,,,,,,,,,,,,,,
	10000000008098,16964.0,,,,,,,,,,,,,,
	10000000008107,28322.0,,,,,,,,,,,,,,
	10000000008120,,,,,,,,,,,,,,,
	10000000008133,26667.0,,,,,,,,,,,,,,
	10000000008652,39919.0,,,,,,,,,,,,,,
	10000000008652,39919.0,,,,,,,,,,,,,,
	10000000008668,41194.0,,,,,,,,,,,,,,
	10000000008681,42512.0,,,,,,,,,,,,,,
	10000000008694,,,,,,,,,,,,,,,
	10000000010817,38401.0,,,,,,,,,,,,,,
	10000000010830,,,,,,,,,,,,,,,
	10000000010843,37287.0,,,,,,,,,,,,,,
	10000000010846,38088.0,,,,,,,,,,,,,,
	10000000012663,27343.0,,,,,,,,,,,,,,
	10000000012679,50007.0,,,,,,,,,,,,,,
	10000000012692,27359.0,,,,,,,,,,,,,,
	10000000012701,34117.0,,,,,,,,,,,,,,
	10000000012714,48538.0,,,,,,,,,,,,,,
	10000000014313,36717.0,,,,,,,,,,,,,,
	10000000014316,28485.0,,,,,,,,,,,,,,
	10000000014329,35241.0,,,,,,,,,,,,,,
	10000000014342,35283.0,,,,,,,,,,,,,,
	10000000014400,,,,,,,,,,,,,,,
	10000000014409,45132.0,,,,,,,,,,,,,,
	10000000014422,27406.0,,,,,,,,,,,,,,
	10000000014435,,,,,,,,,,,,,,,
	10000000014438,29708.0,,,,,,,,,,,,,,
	10000000019308,27199.0,,,,,,,,,,,,,,
	10000000019321,,,,,,,,,,,,,,,
	10000000019337,37860.0,,,,,,,,,,,,,,
	10000000019350,38801.0,,,,,,,,,,,,,,
	10000000019363,36548.0,,,,,,,,,,,,,,
	10000000019366,112407.0,,,,,,,,,,,,,,
	10000000019379,71139.0,,,,,,,,,,,,,,
	10000000019392,,,,,,,,,,,,,,,
	10000000019401,37637.0,,,,,,,,,,,,,,
	10000000019414,31439.0,,,,,,,,,,,,,,
	10000000019430,36937.0,,,,,,,,,,,,,,
	10000000019443,39966.0,,,,,,,,,,,,,,
	10000000019446,36366.0,,,,,,,,,,,,,,
	10000000019459,38073.0,,,,,,,,,,,,,,
	10000000019472,,,,,,,,,,,,,,,
	10000000019485,37634.0,,,,,,,,,,,,,,
	10000000019488,38439.0,,,,,,,,,,,,,,
	10000000019513,37879.0,,,,,,,,,,,,,,
	10000000019516,113236.0,,,,,,,,,,,,,,
	10000000019529,38440.0,,,,,,,,,,,,,,
	10000000019542,38417.0,,,,,,,,,,,,,,
	10000000019555,114586.0,,,,,,,,,,,,,,
	10000000019558,38416.0,,,,,,,,,,,,,,
	10000000019571,36538.0,,,,,,,,,,,,,,
	10000000019584,39214.0,,,,,,,,,,,,,,
	10000000019600,33025.0,,,,,,,,,,,,,,
	10000000019609,32714.0,,,,,,,,,,,,,,
	10000000019622,34569.0,,,,,,,,,,,,,,
	10000000019635,38334.0,,,,,,,,,,,,,,
	10000000019638,36461.0,,,,,,,,,,,,,,
	10000000019651,37307.0,,,,,,,,,,,,,,
	10000000019664,34311.0,,,,,,,,,,,,,,
	10000000019667,38107.0,,,,,,,,,,,,,,
	10000000019680,29846.0,,,,,,,,,,,,,,
	10000000019696,29875.0,,,,,,,,,,,,,,
	10000000019715,38086.0,,,,,,,,,,,,,,
	10000000019718,37211.0,,,,,,,,,,,,,,
	10000000019744,29882.0,,,,,,,,,,,,,,
	10000000019760,38332.0,,,,,,,,,,,,,,
	10000000019776,44505.0,,,,,,,,,,,,,,
	10000000019789,36243.0,,,,,,,,,,,,,,
	10000000019811,32860.0,,,,,,,,,,,,,,
	10000000019827,31012.0,,,,,,,,,,,,,,
	10000000019840,37272.0,,,,,,,,,,,,,,
	10000000019853,35132.0,,,,,,,,,,,,,,
	10000000019856,37315.0,,,,,,,,,,,,,,
	10000000019869,34373.0,,,,,,,,,,,,,,
	10000000019882,33523.0,,,,,,,,,,,,,,
	10000000019895,31269.0,,,,,,,,,,,,,,
	10000000019898,,,,,,,,,,,,,,,
	10000000019904,38396.0,,,,,,,,,,,,,,
	10000000019907,36248.0,,,,,,,,,,,,,,
	10000000019933,36247.0,,,,,,,,,,,,,,
	10000000019936,,,,,,,,,,,,,,,
	10000000005544,20303.0,,,,,,,,,,,,,,
	10000000005547,20107.0,,,,,,,,,,,,,,
	10000000005573,27110.0,,,,,,,,,,,,,,
	10000000005576,14210.0,,,,,,,,,,,,,,
	10000000014685,27804.0,,,,,,,,,,,,,,
	10000000014688,25609.0,,,,,,,,,,,,,,
	10000000014710,28552.0,,,,,,,,,,,,,,
	10000000014794,33989.0,,,,,,,,,,,,,,
	10000000014797,,,,,,,,,,,,,,,
	10000000014986,,,,,,,,,,,,,,,
	10000000015005,34310.0,,,,,,,,,,,,,,
	10000000015008,,,,,,,,,,,,,,,
	10000000015063,19581.0,,,,,,,,,,,,,,
	10000000015079,,,,,,,,,,,,,,,
	10000000015092,45041.0,,,,,,,,,,,,,,
	10000000015101,19898.0,,,,,,,,,,,,,,
	10000000015114,108930.0,,,,,,,,,,,,,,
	10000000015172,86355.0,,,,,,,,,,,,,,
	10000000015185,,,,,,,,,,,,,,,
	10000000015210,108926.0,,,,,,,,,,,,,,
	10000000016175,27843.0,,,,,,,,,,,,,,
	10000000016178,83051.0,,,,,,,,,,,,,,
	10000000016191,27925.0,,,,,,,,,,,,,,
	10000000016213,27370.0,,,,,,,,,,,,,,
	10000000016216,83046.0,,,,,,,,,,,,,,
	10000000016460,18450.0,,,,,,,,,,,,,,
	10000000016473,30672.0,,,,,,,,,,,,,,
	10000000016489,27316.0,,,,,,,,,,,,,,
	10000000016501,18561.0,,,,,,,,,,,,,,
	10000000017088,27150.0,,,,,,,,,,,,,,
	10000000017123,30597.0,,,,,,,,,,,,,,
	10000000017126,107958.0,,,,,,,,,,,,,,
	10000000017139,,,,,,,,,,,,,,,
	10000000017152,31026.0,,,,,,,,,,,,,,
	10000000024517,33123.0,,,,,,,,,,,,,,
	10000000024530,33134.0,,,,,,,,,,,,,,
	10000000024543,33233.0,,,,,,,,,,,,,,
	10000000024546,33146.0,,,,,,,,,,,,,,
	10000000024559,33157.0,,,,,,,,,,,,,,
	10000000004295,64300.0,,,,,,,,,,,,,,
	10000000004298,18548.0,,,,,,,,,,,,,,
	10000000018007,,,,,,,,,,,,,,,
	10000000018007,,,,,,,,,,,,,,,
	10000000008271,45323.0,,,,,,,,,,,,,,
	10000000008284,20288.0,,,,,,,,,,,,,,
	10000000008287,,,,,,,,,,,,,,,
	10000000008300,40959.0,,,,,,,,,,,,,,
	10000000008309,25410.0,,,,,,,,,,,,,,
	10000000008322,28316.0,,,,,,,,,,,,,,
	10000000008335,28871.0,,,,,,,,,,,,,,
	10000000008338,40965.0,,,,,,,,,,,,,,
	10000000008351,,,,,,,,,,,,,,,
	10000000008364,,,,,,,,,,,,,,,
	10000000008367,41008.0,,,,,,,,,,,,,,
	10000000008380,45799.0,,,,,,,,,,,,,,
	10000000008393,39916.0,,,,,,,,,,,,,,
	10000000008396,45778.0,,,,,,,,,,,,,,
	10000000008402,51603.0,,,,,,,,,,,,,,
	10000000008415,36271.0,,,,,,,,,,,,,,
	10000000008418,38101.0,,,,,,,,,,,,,,
	10000000008431,38226.0,,,,,,,,,,,,,,
	10000000008444,39972.0,,,,,,,,,,,,,,
	10000000008447,41006.0,,,,,,,,,,,,,,
	10000000008460,51456.0,,,,,,,,,,,,,,
	10000000008473,50888.0,,,,,,,,,,,,,,
	10000000008489,37228.0,,,,,,,,,,,,,,
	10000000008501,52155.0,,,,,,,,,,,,,,
	10000000008514,36980.0,,,,,,,,,,,,,,
	10000000008517,54579.0,,,,,,,,,,,,,,
	10000000008530,35147.0,,,,,,,,,,,,,,
	10000000008610,40963.0,,,,,,,,,,,,,,
	10000000008623,40973.0,,,,,,,,,,,,,,
	10000000020621,45319.0,,,,,,,,,,,,,,
	10000000020634,,,,,,,,,,,,,,,
	10000000020637,36027.0,,,,,,,,,,,,,,
	10000000020650,35682.0,,,,,,,,,,,,,,
	10000000020666,35684.0,,,,,,,,,,,,,,
	10000000020679,,,,,,,,,,,,,,,
	10000000020701,,,,,,,,,,,,,,,
	10000000020717,,,,,,,,,,,,,,,
	10000000020730,,,,,,,,,,,,,,,
	10000000020743,,,,,,,,,,,,,,,
	10000000020746,37296.0,,,,,,,,,,,,,,
	10000000020759,118246.0,,,,,,,,,,,,,,
	10000000020772,37681.0,,,,,,,,,,,,,,
	10000000020785,38082.0,,,,,,,,,,,,,,
	10000000020788,,,,,,,,,,,,,,,
	10000000020810,54112.0,,,,,,,,,,,,,,
	10000000020823,36556.0,,,,,,,,,,,,,,
	10000000020826,,,,,,,,,,,,,,,
	10000000020839,36895.0,,,,,,,,,,,,,,
	10000000020852,31295.0,,,,,,,,,,,,,,
	10000000020865,16375.0,,,,,,,,,,,,,,
	10000000020868,,,,,,,,,,,,,,,
	10000000020881,61117.0,,,,,,,,,,,,,,
	10000000020894,37698.0,,,,,,,,,,,,,,
	10000000020897,,,,,,,,,,,,,,,
	10000000020903,26798.0,,,,,,,,,,,,,,
	10000000020906,,,,,,,,,,,,,,,
	10000000020919,30537.0,,,,,,,,,,,,,,
	10000000020932,,,,,,,,,,,,,,,
	10000000018033,112153.0,,,,,,,,,,,,,,
	10000000018036,36512.0,,,,,,,,,,,,,,
	10000000018049,39811.0,,,,,,,,,,,,,,
	10000000018113,27811.0,,,,,,,,,,,,,,
	10000000018116,34794.0,,,,,,,,,,,,,,
	10000000018129,18779.0,,,,,,,,,,,,,,
	10000000018142,112170.0,,,,,,,,,,,,,,
	10000000018155,,,,,,,,,,,,,,,
	10000000018200,,,,,,,,,,,,,,,
	10000000018209,18777.0,,,,,,,,,,,,,,
	10000000018222,53829.0,,,,,,,,,,,,,,
	10000000018235,17133.0,,,,,,,,,,,,,,
	10000000018238,55301.0,,,,,,,,,,,,,,
	10000000018293,111407.0,,,,,,,,,,,,,,
	10000000018296,,,,,,,,,,,,,,,
	10000000018302,31792.0,,,,,,,,,,,,,,
	10000000018315,36488.0,,,,,,,,,,,,,,
	10000000018318,34408.0,,,,,,,,,,,,,,
	10000000019010,20224.0,,,,,,,,,,,,,,
	10000000019023,25382.0,,,,,,,,,,,,,,
	10000000019039,32295.0,,,,,,,,,,,,,,
	10000000019052,53597.0,,,,,,,,,,,,,,
	10000000015716,26924.0,,,,,,,,,,,,,,
	10000000015729,27211.0,,,,,,,,,,,,,,
	10000000011740,33524.0,,,,,,,,,,,,,,
	10000000011753,25502.0,,,,,,,,,,,,,,
	10000000011756,37784.0,,,,,,,,,,,,,,
	10000000011769,32636.0,,,,,,,,,,,,,,
	10000000011795,31598.0,,,,,,,,,,,,,,
	10000000011836,30919.0,,,,,,,,,,,,,,
	10000000011849,30955.0,,,,,,,,,,,,,,
	10000000011862,30535.0,,,,,,,,,,,,,,
	10000000011875,,,,,,,,,,,,,,,
	10000000012378,113124.0,,,,,,,,,,,,,,
	10000000012391,27326.0,,,,,,,,,,,,,,
	10000000012413,20101.0,,,,,,,,,,,,,,
	10000000012416,21001.0,,,,,,,,,,,,,,
	10000000012429,44490.0,,,,,,,,,,,,,,
	10000000012442,50005.0,,,,,,,,,,,,,,
	10000000017197,106998.0,,,,,,,,,,,,,,
	10000000017203,30715.0,,,,,,,,,,,,,,
	10000000017206,106992.0,,,,,,,,,,,,,,
	10000000017219,30655.0,,,,,,,,,,,,,,
	10000000017232,36348.0,,,,,,,,,,,,,,
	10000000017245,,,,,,,,,,,,,,,
	10000000022794,25413.0,,,,,,,,,,,,,,
	10000000022797,19847.0,,,,,,,,,,,,,,
	10000000022806,25607.0,,,,,,,,,,,,,,
	10000000022819,18317.0,,,,,,,,,,,,,,
	10000000025245,,,,,,,,,,,,,,,
	10000000025248,25692.0,,,,,,,,,,,,,,
	10000000025261,20150.0,,,,,,,,,,,,,,
	10000000025274,20364.0,,,,,,,,,,,,,,
	10000000025277,20294.0,,,,,,,,,,,,,,
	10000000025290,27758.0,,,,,,,,,,,,,,
	10000000023620,43910.0,,,,,,,,,,,,,,
	10000000020948,49589.0,,,,,,,,,,,,,,
	10000000020961,45321.0,,,,,,,,,,,,,,
	10000000020974,38005.0,,,,,,,,,,,,,,
	10000000020977,,,,,,,,,,,,,,,
	10000000020990,111395.0,,,,,,,,,,,,,,
	10000000021028,39790.0,,,,,,,,,,,,,,
	10000000021041,39212.0,,,,,,,,,,,,,,
	10000000021054,38303.0,,,,,,,,,,,,,,
	10000000021070,35627.0,,,,,,,,,,,,,,
	10000000021083,,,,,,,,,,,,,,,
	10000000021086,35614.0,,,,,,,,,,,,,,
	10000000021099,31376.0,,,,,,,,,,,,,,
	10000000021105,38815.0,,,,,,,,,,,,,,
	10000000021108,36943.0,,,,,,,,,,,,,,
	10000000021121,40320.0,,,,,,,,,,,,,,
	10000000021137,62446.0,,,,,,,,,,,,,,
	10000000021150,15370.0,,,,,,,,,,,,,,
	10000000021163,27836.0,,,,,,,,,,,,,,
	10000000021166,69382.0,,,,,,,,,,,,,,
	10000000021179,61450.0,,,,,,,,,,,,,,
	10000000021192,27761.0,,,,,,,,,,,,,,
	10000000021201,,,,,,,,,,,,,,,
	10000000021217,18731.0,,,,,,,,,,,,,,
	10000000021243,28459.0,,,,,,,,,,,,,,
	10000000021246,63069.0,,,,,,,,,,,,,,
	10000000021259,39911.0,,,,,,,,,,,,,,
	10000000021272,37233.0,,,,,,,,,,,,,,
	10000000021285,35403.0,,,,,,,,,,,,,,
	10000000021288,37666.0,,,,,,,,,,,,,,
	10000000021310,40282.0,,,,,,,,,,,,,,
	10000000021323,30771.0,,,,,,,,,,,,,,
	10000000021326,,,,,,,,,,,,,,,
	10000000021352,,,,,,,,,,,,,,,
	10000000021365,28084.0,,,,,,,,,,,,,,
	10000000021368,,,,,,,,,,,,,,,
	10000000021381,28044.0,,,,,,,,,,,,,,
	10000000021394,53670.0,,,,,,,,,,,,,,
	10000000021397,31212.0,,,,,,,,,,,,,,
	10000000021403,30662.0,,,,,,,,,,,,,,
	10000000021406,35537.0,,,,,,,,,,,,,,
	10000000021432,35534.0,,,,,,,,,,,,,,
	10000000021461,,,,,,,,,,,,,,,
	10000000021474,31174.0,,,,,,,,,,,,,,
	10000000021477,35475.0,,,,,,,,,,,,,,
	10000000021490,31018.0,,,,,,,,,,,,,,
	10000000021502,35531.0,,,,,,,,,,,,,,
	10000000021515,27027.0,,,,,,,,,,,,,,
	10000000021518,,,,,,,,,,,,,,,
	10000000021531,30971.0,,,,,,,,,,,,,,
	10000000021544,,,,,,,,,,,,,,,
	10000000021547,30126.0,,,,,,,,,,,,,,
	10000000021560,38800.0,,,,,,,,,,,,,,
	10000000021573,36109.0,,,,,,,,,,,,,,
	10000000021576,38032.0,,,,,,,,,,,,,,
	10000000021589,,,,,,,,,,,,,,,
	10000000021611,30587.0,,,,,,,,,,,,,,
	10000000021624,35215.0,,,,,,,,,,,,,,
	10000000021627,29300.0,,,,,,,,,,,,,,
	10000000021640,,,,,,,,,,,,,,,
	10000000021653,31247.0,,,,,,,,,,,,,,
	10000000021656,36567.0,,,,,,,,,,,,,,
	10000000021669,,,,,,,,,,,,,,,
	10000000021682,44945.0,,,,,,,,,,,,,,
	10000000021695,28429.0,,,,,,,,,,,,,,
	10000000021698,111977.0,,,,,,,,,,,,,,
	10000000021704,51160.0,,,,,,,,,,,,,,
	10000000021720,31270.0,,,,,,,,,,,,,,
	10000000021733,35527.0,,,,,,,,,,,,,,
	10000000021736,27287.0,,,,,,,,,,,,,,
	10000000021749,35742.0,,,,,,,,,,,,,,
	10000000021762,35994.0,,,,,,,,,,,,,,
	10000000021775,36508.0,,,,,,,,,,,,,,
	10000000021778,18302.0,,,,,,,,,,,,,,
	10000000021791,38775.0,,,,,,,,,,,,,,
	10000000021816,44524.0,,,,,,,,,,,,,,
	10000000021842,114668.0,,,,,,,,,,,,,,
	10000000021855,,,,,,,,,,,,,,,
	10000000021871,114669.0,,,,,,,,,,,,,,
	10000000021884,,,,,,,,,,,,,,,
	10000000021887,30669.0,,,,,,,,,,,,,,
	10000000021900,33854.0,,,,,,,,,,,,,,
	10000000021909,114671.0,,,,,,,,,,,,,,
	10000000021922,36102.0,,,,,,,,,,,,,,
	10000000021935,,,,,,,,,,,,,,,
	10000000023633,48545.0,,,,,,,,,,,,,,
	10000000023636,33355.0,,,,,,,,,,,,,,
	10000000023649,33050.0,,,,,,,,,,,,,,
	10000000023716,33240.0,,,,,,,,,,,,,,
	10000000023729,35852.0,,,,,,,,,,,,,,
	10000000023742,33126.0,,,,,,,,,,,,,,
	10000000023755,33253.0,,,,,,,,,,,,,,
	10000000023758,36235.0,,,,,,,,,,,,,,
	10000000023822,33103.0,,,,,,,,,,,,,,
	10000000023835,32873.0,,,,,,,,,,,,,,
	10000000023838,44506.0,,,,,,,,,,,,,,
	10000000023851,33143.0,,,,,,,,,,,,,,
	10000000021938,114673.0,,,,,,,,,,,,,,
	10000000021951,55190.0,,,,,,,,,,,,,,
	10000000021964,34486.0,,,,,,,,,,,,,,
	10000000021967,114672.0,,,,,,,,,,,,,,
	10000000021980,111281.0,,,,,,,,,,,,,,
	10000000021996,114664.0,,,,,,,,,,,,,,
	10000000022015,,,,,,,,,,,,,,,
	10000000022018,56206.0,,,,,,,,,,,,,,
	10000000022044,36843.0,,,,,,,,,,,,,,
	10000000022047,37638.0,,,,,,,,,,,,,,
	10000000022060,38795.0,,,,,,,,,,,,,,
	10000000022073,114674.0,,,,,,,,,,,,,,
	10000000022076,,,,,,,,,,,,,,,
	10000000022089,38794.0,,,,,,,,,,,,,,
	10000000022111,110263.0,,,,,,,,,,,,,,
	10000000026264,,,,,,,,,,,,,,,
	10000000026267,,,,,,,,,,,,,,,
	10000000026280,,,,,,,,,,,,,,,
	10000000026293,,,,,,,,,,,,,,,
	10000000026296,,,,,,,,,,,,,,,
	10000000026302,36940.0,,,,,,,,,,,,,,
	10000000026315,36180.0,,,,,,,,,,,,,,
	10000000026318,,,,,,,,,,,,,,,
	10000000026331,46201.0,,,,,,,,,,,,,,
	10000000026344,,,,,,,,,,,,,,,
	10000000026453,,,,,,,,,,,,,,,
	10000000026456,,,,,,,,,,,,,,,
	10000000026469,,,,,,,,,,,,,,,
	10000000006018,,,,,,,,,,,,,,,
	10000000006031,29837.0,,,,,,,,,,,,,,
	10000000006044,33352.0,,,,,,,,,,,,,,
	10000000010801,38414.0,,,,,,,,,,,,,,
	10000000010814,108928.0,,,,,,,,,,,,,,
	10000000010888,25808.0,,,,,,,,,,,,,,
	10000000010910,25784.0,,,,,,,,,,,,,,
	10000000010923,25934.0,,,,,,,,,,,,,,
	10000000010939,26022.0,,,,,,,,,,,,,,
	10000000010952,21101.0,,,,,,,,,,,,,,
	10000000010965,14080.0,,,,,,,,,,,,,,
	10000000010968,25716.0,,,,,,,,,,,,,,
	10000000010997,,,,,,,,,,,,,,,
	10000000011003,39807.0,,,,,,,,,,,,,,
	10000000011006,21708.0,,,,,,,,,,,,,,
	10000000011019,,,,,,,,,,,,,,,
	10000000011032,20811.0,,,,,,,,,,,,,,
	10000000011045,30863.0,,,,,,,,,,,,,,
	10000000011048,25311.0,,,,,,,,,,,,,,
	10000000011061,20092.0,,,,,,,,,,,,,,
	10000000011090,,,,,,,,,,,,,,,
	10000000011112,26083.0,,,,,,,,,,,,,,
	10000000011128,,,,,,,,,,,,,,,
	10000000011141,26147.0,,,,,,,,,,,,,,
	10000000011154,28451.0,,,,,,,,,,,,,,
	10000000013201,42585.0,,,,,,,,,,,,,,
	10000000013214,35169.0,,,,,,,,,,,,,,
	10000000013217,18832.0,,,,,,,,,,,,,,
	10000000013243,35188.0,,,,,,,,,,,,,,
	10000000013246,18521.0,,,,,,,,,,,,,,
	10000000013285,27954.0,,,,,,,,,,,,,,
	10000000013288,32820.0,,,,,,,,,,,,,,
	10000000013310,34037.0,,,,,,,,,,,,,,
	10000000013323,32863.0,,,,,,,,,,,,,,
	10000000013339,32849.0,,,,,,,,,,,,,,
	10000000016271,27317.0,,,,,,,,,,,,,,
	10000000016322,28250.0,,,,,,,,,,,,,,
	10000000023511,,,,,,,,,,,,,,,
	10000000023527,,,,,,,,,,,,,,,
	10000000023540,,,,,,,,,,,,,,,
	10000000023553,34465.0,,,,,,,,,,,,,,
	10000000023569,32816.0,,,,,,,,,,,,,,
	10000000023582,32785.0,,,,,,,,,,,,,,
	10000000023595,34634.0,,,,,,,,,,,,,,
	10000000023598,32992.0,,,,,,,,,,,,,,
	10000000023604,33120.0,,,,,,,,,,,,,,
	10000000014451,,,,,,,,,,,,,,,
	10000000008543,36522.0,,,,,,,,,,,,,,
	10000000008546,37122.0,,,,,,,,,,,,,,
	10000000008559,37145.0,,,,,,,,,,,,,,
	10000000008572,37007.0,,,,,,,,,,,,,,
	10000000008585,36638.0,,,,,,,,,,,,,,
	10000000008588,25884.0,,,,,,,,,,,,,,
	10000000010532,37142.0,,,,,,,,,,,,,,
	10000000010548,54465.0,,,,,,,,,,,,,,
	10000000010561,38445.0,,,,,,,,,,,,,,
	10000000010574,54586.0,,,,,,,,,,,,,,
	10000000010577,27360.0,,,,,,,,,,,,,,
	10000000010641,104833.0,,,,,,,,,,,,,,
	10000000010654,36788.0,,,,,,,,,,,,,,
	10000000010657,36990.0,,,,,,,,,,,,,,
	10000000010670,36507.0,,,,,,,,,,,,,,
	10000000010686,,,,,,,,,,,,,,,
	10000000025642,51461.0,,,,,,,,,,,,,,
	10000000025642,51461.0,,,,,,,,,,,,,,
	10000000025655,51468.0,,,,,,,,,,,,,,
	10000000026411,,,,,,,,,,,,,,,
	10000000026424,,,,,,,,,,,,,,,
	10000000026427,,,,,,,,,,,,,,,
	10000000026495,48548.0,,,,,,,,,,,,,,
	10000000026510,35938.0,,,,,,,,,,,,,,
	10000000026523,36917.0,,,,,,,,,,,,,,
	10000000027472,48815.0,,,,,,,,,,,,,,
	10000000027488,51455.0,,,,,,,,,,,,,,
	10000000027513,,,,,,,,,,,,,,,
	10000000029141,,,,,,,,,,,,,,,
	10000000011205,,,,,,,,,,,,,,,
	10000000011208,20139.0,,,,,,,,,,,,,,
	10000000011221,,,,,,,,,,,,,,,
	10000000011234,,,,,,,,,,,,,,,
	10000000011372,103839.0,,,,,,,,,,,,,,
	10000000011385,26116.0,,,,,,,,,,,,,,
	10000000017520,27568.0,,,,,,,,,,,,,,
	10000000017536,27607.0,,,,,,,,,,,,,,
	10000000017549,,,,,,,,,,,,,,,
	10000000017562,46280.0,,,,,,,,,,,,,,
	10000000017575,27596.0,,,,,,,,,,,,,,
	10000000017591,30551.0,,,,,,,,,,,,,,
	10000000017613,36992.0,,,,,,,,,,,,,,
	10000000017616,27585.0,,,,,,,,,,,,,,
	10000000017642,,,,,,,,,,,,,,,
	10000000017655,27718.0,,,,,,,,,,,,,,
	10000000017658,53066.0,,,,,,,,,,,,,,
	10000000017671,37218.0,,,,,,,,,,,,,,
	10000000017684,31523.0,,,,,,,,,,,,,,
	10000000017687,,,,,,,,,,,,,,,
	10000000017700,53977.0,,,,,,,,,,,,,,
	10000000017709,30866.0,,,,,,,,,,,,,,
	10000000017722,27708.0,,,,,,,,,,,,,,
	10000000017738,,,,,,,,,,,,,,,
	10000000017751,27577.0,,,,,,,,,,,,,,
	10000000017764,27640.0,,,,,,,,,,,,,,
	10000000017767,,,,,,,,,,,,,,,
	10000000017780,38336.0,,,,,,,,,,,,,,
	10000000017793,27629.0,,,,,,,,,,,,,,
	10000000008626,42513.0,,,,,,,,,,,,,,
	10000000008639,40966.0,,,,,,,,,,,,,,
	10000000008697,42511.0,,,,,,,,,,,,,,
	10000000008703,39917.0,,,,,,,,,,,,,,
	10000000008719,26053.0,,,,,,,,,,,,,,
	10000000008732,19833.0,,,,,,,,,,,,,,
	10000000008774,57666.0,,,,,,,,,,,,,,
	10000000008777,,,,,,,,,,,,,,,
	10000000008790,36619.0,,,,,,,,,,,,,,
	10000000008812,20277.0,,,,,,,,,,,,,,
	10000000008825,36976.0,,,,,,,,,,,,,,
	10000000008828,,,,,,,,,,,,,,,
	10000000008854,40044.0,,,,,,,,,,,,,,
	10000000008857,38085.0,,,,,,,,,,,,,,
	10000000008870,114651.0,,,,,,,,,,,,,,
	10000000008883,40052.0,,,,,,,,,,,,,,
	10000000008886,38778.0,,,,,,,,,,,,,,
	10000000008905,,,,,,,,,,,,,,,
	10000000008908,38849.0,,,,,,,,,,,,,,
	10000000008921,25915.0,,,,,,,,,,,,,,
	10000000008934,54455.0,,,,,,,,,,,,,,
	10000000008937,40059.0,,,,,,,,,,,,,,
